Typ usługi,Rodzaj usługi (Budżet),Odległość,Termin wykonania,Opis zadania
Sprzątająca,Standard ($$),11 km,2026-01-18,Sprzątanie po imprezie okolicznościowej
Elektryczna,Standard ($$),8 km,2026-02-25,Naprawa oświetlenia LED
Elektryczna,Premium ($$$),29 km,2026-01-20,Wymiana skrzynki bezpiecznikowej
Florystyczna,Standard ($$),5 km,2026-01-26,Pielęgnacja roślin w biurze
Dentystyczna,Standard ($$),5 km,2026-02-05,Konsultacja ortodontyczna
Florystyczna,Standard ($$),17 km,2026-02-13,Flowerbox na urodziny
Ogrody i Tereny Zielone,Premium ($$$),30 km,2026-01-13,Montaż systemu nawadniania
Elektryczna,Premium ($$$),30 km,2026-02-25,Instalacja inteligentnego domu (Smart Home)
Transport i Przeprowadzki,Standard ($$),24 km,2026-02-24,Transport materiałów budowlanych
Ogrody i Tereny Zielone,Budget ($),14 km,2026-02-02,Grabienie liści
Florystyczna,Premium ($$$),14 km,2026-01-19,Oprawa kwiatowa pogrzebu
Dentystyczna,Budget ($),12 km,2026-02-10,Leczenie kanałowe jednego kanału
Budowlana,Standard ($$),1 km,2026-03-06,Skuwanie starych płytek
Hydrauliczna,Standard ($$),12 km,2026-02-08,Udrożnienie rur w łazience
Motoryzacyjna,Premium ($$$),12 km,2026-02-23,Diagnostyka komputerowa i naprawa wtrysków
Motoryzacyjna,Premium ($$$),21 km,2026-03-02,Diagnostyka komputerowa i naprawa wtrysków
Dentystyczna,Standard ($$),14 km,2026-03-06,Proteza częściowa osiadająca
Motoryzacyjna,Standard ($$),20 km,2026-02-05,Wymiana rozrządu w silniku Diesla
Hydrauliczna,Premium ($$$),27 km,2026-02-20,Montaż kabiny prysznicowej
Ogrody i Tereny Zielone,Standard ($$),3 km,2026-02-28,Przycinanie żywopłotu
IT i Grafika,Premium ($$$),2 km,2026-02-27,Zaprojektowanie logo i identyfikacji
IT i Grafika,Budget ($),24 km,2026-02-18,Usunięcie wirusów z laptopa
Motoryzacyjna,Premium ($$$),29 km,2026-02-19,Kompleksowy detailing wnętrza
Transport i Przeprowadzki,Standard ($$),14 km,2026-03-01,Transport kanapy z wniesieniem
Motoryzacyjna,Standard ($$),17 km,2026-01-14,Wymiana rozrządu w silniku Diesla
Dentystyczna,Premium ($$$),15 km,2026-03-11,Licówki porcelanowe (2 sztuki)
Hydrauliczna,Standard ($$),15 km,2026-02-02,Wymiana syfonu w zlewie
IT i Grafika,Standard ($$),26 km,2026-01-14,Konfiguracja sieci Wi-Fi w biurze
IT i Grafika,Premium ($$$),2 km,2026-03-08,Stworzenie aplikacji mobilnej MVP
Florystyczna,Budget ($),12 km,2026-02-13,Wiązanka okolicznościowa
Hydrauliczna,Standard ($$),8 km,2026-01-14,Wymiana licznika wody
Transport i Przeprowadzki,Premium ($$$),28 km,2026-02-09,Transport pianina lub instrumentów
Elektryczna,Standard ($$),4 km,2026-01-16,Podłączenie płyty indukcyjnej
Florystyczna,Standard ($$),8 km,2026-01-19,Kompozycja kwiatowa na recepcję
Motoryzacyjna,Standard ($$),27 km,2026-01-12,Wymiana rozrządu w silniku Diesla
Budowlana,Standard ($$),11 km,2026-03-08,Izolacja akustyczna sufitu
IT i Grafika,Premium ($$$),4 km,2026-02-17,Zaprojektowanie logo i identyfikacji
Transport i Przeprowadzki,Premium ($$$),28 km,2026-02-26,Relokacja biura (10 stanowisk)
Ogrody i Tereny Zielone,Standard ($$),11 km,2026-01-27,Nasadzenia drzewek owocowych
Sprzątająca,Premium ($$$),22 km,2026-01-14,Gruntowne sprzątanie po remoncie
Budowlana,Standard ($$),13 km,2026-02-17,Skuwanie starych płytek
IT i Grafika,Budget ($),22 km,2026-01-16,Edycja 20 zdjęć produktowych
Budowlana,Premium ($$$),16 km,2026-01-17,Montaż sufitu podwieszanego
Motoryzacyjna,Premium ($$$),19 km,2026-01-21,Kompleksowy detailing wnętrza
Sprzątająca,Standard ($$),11 km,2026-02-11,Pranie dywanów metodą ekstrakcyjną
Hydrauliczna,Budget ($),18 km,2026-02-04,Wymiana uszczelki w kranie kuchennym
Elektryczna,Premium ($$$),22 km,2026-01-29,Wymiana skrzynki bezpiecznikowej
Hydrauliczna,Standard ($$),14 km,2026-02-24,Wymiana licznika wody
Elektryczna,Premium ($$$),23 km,2026-03-10,Instalacja inteligentnego domu (Smart Home)
Elektryczna,Premium ($$$),26 km,2026-03-10,Instalacja inteligentnego domu (Smart Home)
Florystyczna,Premium ($$$),16 km,2026-02-09,Oprawa kwiatowa pogrzebu
Sprzątająca,Standard ($$),8 km,2026-02-26,Pranie dywanów metodą ekstrakcyjną
Florystyczna,Standard ($$),21 km,2026-02-27,Flowerbox na urodziny
Elektryczna,Standard ($$),2 km,2026-02-13,Podłączenie piekarnika elektrycznego
Motoryzacyjna,Standard ($$),16 km,2026-02-07,Ustawienie zbieżności kół
Sprzątająca,Budget ($),6 km,2026-01-31,Mycie witryny sklepowej (mała)
Elektryczna,Premium ($$$),4 km,2026-03-02,Instalacja inteligentnego domu (Smart Home)
Hydrauliczna,Standard ($$),3 km,2026-01-22,Wymiana licznika wody
Dentystyczna,Budget ($),19 km,2026-02-05,Usunięcie kamienia nazębnego (skaling)
Sprzątająca,Standard ($$),27 km,2026-01-17,Sprzątanie po imprezie okolicznościowej
Sprzątająca,Budget ($),28 km,2026-02-09,Mycie witryny sklepowej (mała)
Florystyczna,Standard ($$),24 km,2026-01-16,Warsztaty z układania lasu w słoiku
Motoryzacyjna,Budget ($),15 km,2026-01-21,Wymiana akumulatora z dojazdem
Hydrauliczna,Budget ($),28 km,2026-01-20,Podłączenie pralki
Florystyczna,Standard ($$),13 km,2026-02-14,Flowerbox na urodziny
IT i Grafika,Premium ($$$),2 km,2026-02-13,Zaprojektowanie logo i identyfikacji
Budowlana,Standard ($$),13 km,2026-02-12,Układanie paneli podłogowych
Hydrauliczna,Standard ($$),4 km,2026-02-17,Wymiana licznika wody
Transport i Przeprowadzki,Standard ($$),28 km,2026-02-26,Wywóz starych mebli
IT i Grafika,Budget ($),13 km,2026-02-15,Usunięcie wirusów z laptopa
Sprzątająca,Standard ($$),12 km,2026-02-27,Pranie tapicerki meblowej
Motoryzacyjna,Budget ($),12 km,2026-02-15,Wymiana akumulatora z dojazdem
Budowlana,Standard ($$),16 km,2026-02-14,Izolacja akustyczna sufitu
Budowlana,Premium ($$$),5 km,2026-02-09,Kompleksowe wykończenie łazienki
Transport i Przeprowadzki,Premium ($$$),11 km,2026-01-21,Transport pianina lub instrumentów
Ogrody i Tereny Zielone,Budget ($),5 km,2026-02-13,Pielenie rabatek kwiatowych
Hydrauliczna,Premium ($$$),1 km,2026-02-09,Montaż instalacji wodnej w nowej kuchni
Budowlana,Standard ($$),12 km,2026-03-08,Tynkowanie dekoracyjne jednej ściany
Florystyczna,Standard ($$),18 km,2026-02-19,Warsztaty z układania lasu w słoiku
Transport i Przeprowadzki,Standard ($$),23 km,2026-02-26,Przewóz motocykla na lawecie
Transport i Przeprowadzki,Standard ($$),26 km,2026-01-26,Wywóz starych mebli
Sprzątająca,Standard ($$),28 km,2026-01-26,Pranie dywanów metodą ekstrakcyjną
Dentystyczna,Premium ($$$),15 km,2026-01-28,Ekstrakcja zęba mądrości
Transport i Przeprowadzki,Premium ($$$),18 km,2026-02-26,Relokacja biura (10 stanowisk)
Transport i Przeprowadzki,Premium ($$$),23 km,2026-01-22,Relokacja biura (10 stanowisk)
Hydrauliczna,Premium ($$$),23 km,2026-02-14,Montaż kabiny prysznicowej
Hydrauliczna,Budget ($),20 km,2026-03-06,Podłączenie pralki
Elektryczna,Premium ($$$),20 km,2026-02-08,Wymiana skrzynki bezpiecznikowej
Budowlana,Standard ($$),10 km,2026-01-28,Malowanie salonu 30m2
IT i Grafika,Standard ($$),21 km,2026-01-29,Złożenie prostego filmu promocyjnego
Motoryzacyjna,Budget ($),5 km,2026-03-11,Sezonowa wymiana opon
Transport i Przeprowadzki,Budget ($),10 km,2026-02-15,Przewóz szafy (sam kierowca)
Hydrauliczna,Standard ($$),18 km,2026-01-27,Wymiana syfonu w zlewie
IT i Grafika,Standard ($$),16 km,2026-03-07,Strona wizytówka na WordPress
Sprzątająca,Standard ($$),19 km,2026-02-04,Sprzątanie po imprezie okolicznościowej
Florystyczna,Premium ($$$),3 km,2026-03-01,Oprawa kwiatowa pogrzebu
Florystyczna,Premium ($$$),19 km,2026-01-31,Dekoracja kwiatowa sali bankietowej
Motoryzacyjna,Premium ($$$),12 km,2026-02-03,Przygotowanie auta do sprzedaży (komplet)
Motoryzacyjna,Premium ($$$),19 km,2026-02-24,Kompleksowy detailing wnętrza
IT i Grafika,Standard ($$),22 km,2026-01-13,Strona wizytówka na WordPress
Ogrody i Tereny Zielone,Premium ($$$),21 km,2026-02-18,Montaż systemu nawadniania
IT i Grafika,Budget ($),19 km,2026-01-11,Edycja 20 zdjęć produktowych
Budowlana,Premium ($$$),1 km,2026-03-06,Budowa ścianki działowej z płyt G-K
IT i Grafika,Budget ($),26 km,2026-01-26,Edycja 20 zdjęć produktowych
Hydrauliczna,Standard ($$),12 km,2026-02-05,Wymiana syfonu w zlewie
Transport i Przeprowadzki,Budget ($),17 km,2026-02-17,Wniesienie lodówki na 4 piętro
Motoryzacyjna,Premium ($$$),15 km,2026-02-11,Kompleksowy detailing wnętrza
Elektryczna,Standard ($$),24 km,2026-01-27,Montaż domofonu w domu jednorodzinnym
Motoryzacyjna,Standard ($$),8 km,2026-02-14,Ustawienie zbieżności kół
IT i Grafika,Premium ($$$),24 km,2026-02-11,Naprawa błędu w sklepie online
Budowlana,Standard ($$),8 km,2026-01-17,Układanie paneli podłogowych
Motoryzacyjna,Budget ($),27 km,2026-03-11,Sezonowa wymiana opon
Budowlana,Premium ($$$),28 km,2026-01-23,Budowa ścianki działowej z płyt G-K
Sprzątająca,Standard ($$),7 km,2026-01-25,Pranie tapicerki meblowej
Motoryzacyjna,Standard ($$),26 km,2026-01-24,Naprawa układu hamulcowego
IT i Grafika,Budget ($),15 km,2026-02-18,Instalacja systemu Windows i sterowników
Ogrody i Tereny Zielone,Budget ($),18 km,2026-03-07,Grabienie liści
Ogrody i Tereny Zielone,Premium ($$$),13 km,2026-02-24,Montaż systemu nawadniania
Elektryczna,Budget ($),28 km,2026-02-01,Wymiana żarówek w witrynie sklepowej
Transport i Przeprowadzki,Standard ($$),22 km,2026-02-26,Transport kanapy z wniesieniem
Motoryzacyjna,Budget ($),14 km,2026-02-04,Sezonowa wymiana opon
Florystyczna,Budget ($),12 km,2026-03-04,Bukiet tulipanów z dostawą
Elektryczna,Standard ($$),20 km,2026-02-17,Podłączenie piekarnika elektrycznego
Florystyczna,Budget ($),16 km,2026-02-01,Bukiet tulipanów z dostawą
Dentystyczna,Premium ($$$),18 km,2026-01-19,Ekstrakcja zęba mądrości
Motoryzacyjna,Standard ($$),29 km,2026-01-13,Wymiana olejów i filtrów
Hydrauliczna,Standard ($$),8 km,2026-01-11,Udrożnienie rur w łazience
Transport i Przeprowadzki,Premium ($$$),27 km,2026-02-12,Przeprowadzka całego mieszkania
Transport i Przeprowadzki,Budget ($),16 km,2026-01-30,Wniesienie lodówki na 4 piętro
Motoryzacyjna,Standard ($$),30 km,2026-02-24,Ustawienie zbieżności kół
Motoryzacyjna,Budget ($),2 km,2026-01-29,Sezonowa wymiana opon
Ogrody i Tereny Zielone,Premium ($$$),17 km,2026-01-21,Wycinka starego drzewa (metoda alpinistyczna)
Motoryzacyjna,Budget ($),29 km,2026-02-20,Wymiana akumulatora z dojazdem
Elektryczna,Budget ($),26 km,2026-01-27,Naprawa zerwanego kabla zasilającego
Elektryczna,Premium ($$$),5 km,2026-02-10,Wymiana skrzynki bezpiecznikowej
Motoryzacyjna,Standard ($$),17 km,2026-02-23,Naprawa układu hamulcowego
Budowlana,Premium ($$$),16 km,2026-02-15,Budowa ścianki działowej z płyt G-K
Transport i Przeprowadzki,Standard ($$),16 km,2026-01-29,Transport kanapy z wniesieniem
Budowlana,Premium ($$$),12 km,2026-02-08,Budowa ścianki działowej z płyt G-K
Motoryzacyjna,Standard ($$),15 km,2026-01-29,Naprawa układu hamulcowego
Sprzątająca,Standard ($$),25 km,2026-02-26,Pranie tapicerki meblowej
Budowlana,Standard ($$),4 km,2026-02-18,Izolacja akustyczna sufitu
Budowlana,Budget ($),28 km,2026-01-22,Wiercenie otworów w betonie pod półki
Sprzątająca,Budget ($),22 km,2026-01-29,Odkurzanie i mycie podłóg
Hydrauliczna,Budget ($),7 km,2026-03-04,Podłączenie pralki
Ogrody i Tereny Zielone,Budget ($),29 km,2026-02-23,Grabienie liści
Budowlana,Standard ($$),28 km,2026-03-09,Izolacja akustyczna sufitu
Sprzątająca,Standard ($$),24 km,2026-02-20,Sprzątanie po imprezie okolicznościowej
IT i Grafika,Premium ($$$),4 km,2026-01-29,Stworzenie aplikacji mobilnej MVP
Hydrauliczna,Premium ($$$),20 km,2026-02-21,Montaż instalacji wodnej w nowej kuchni
Elektryczna,Premium ($$$),29 km,2026-01-18,Wymiana skrzynki bezpiecznikowej
Florystyczna,Premium ($$$),15 km,2026-02-28,Dekoracja kościoła na ślub
IT i Grafika,Budget ($),18 km,2026-02-13,Usunięcie wirusów z laptopa
Elektryczna,Budget ($),15 km,2026-01-18,Naprawa zerwanego kabla zasilającego
Budowlana,Standard ($$),14 km,2026-01-25,Malowanie salonu 30m2
Sprzątająca,Premium ($$$),18 km,2026-02-28,Doczyszczanie posadzek przemysłowych
Budowlana,Standard ($$),29 km,2026-01-11,Skuwanie starych płytek
Transport i Przeprowadzki,Standard ($$),16 km,2026-02-08,Wywóz starych mebli
Elektryczna,Standard ($$),22 km,2026-02-20,Podłączenie piekarnika elektrycznego
Transport i Przeprowadzki,Premium ($$$),2 km,2026-01-13,Relokacja biura (10 stanowisk)
Motoryzacyjna,Budget ($),4 km,2026-02-08,Polerowanie zmatowiałych reflektorów
Sprzątająca,Standard ($$),19 km,2026-03-05,Pranie tapicerki meblowej
Florystyczna,Budget ($),13 km,2026-02-06,Bukiet tulipanów z dostawą
Sprzątająca,Standard ($$),12 km,2026-01-12,Regularne sprzątanie biura
Hydrauliczna,Premium ($$$),28 km,2026-01-26,Montaż instalacji wodnej w nowej kuchni
Ogrody i Tereny Zielone,Standard ($$),8 km,2026-02-26,Koszenie i aeracja trawnika
Sprzątająca,Budget ($),11 km,2026-02-26,Odkurzanie i mycie podłóg
Florystyczna,Premium ($$$),8 km,2026-03-11,Przygotowanie bukietu ślubnego
Hydrauliczna,Budget ($),27 km,2026-03-06,Wymiana uszczelki w kranie kuchennym
Budowlana,Budget ($),21 km,2026-02-10,Szpachlowanie ubytków w ścianie
Florystyczna,Budget ($),2 km,2026-02-14,Bukiet tulipanów z dostawą
Transport i Przeprowadzki,Budget ($),8 km,2026-03-07,Przewóz szafy (sam kierowca)
Florystyczna,Premium ($$$),8 km,2026-01-14,Dekoracja kwiatowa sali bankietowej
Hydrauliczna,Budget ($),8 km,2026-02-02,Wymiana uszczelki w kranie kuchennym
Florystyczna,Standard ($$),6 km,2026-01-24,Warsztaty z układania lasu w słoiku
IT i Grafika,Standard ($$),15 km,2026-02-17,Strona wizytówka na WordPress
Dentystyczna,Premium ($$$),30 km,2026-01-24,Wstawienie implantu zębowego
Florystyczna,Premium ($$$),5 km,2026-03-08,Dekoracja kościoła na ślub
Sprzątająca,Budget ($),15 km,2026-02-04,Odkurzanie i mycie podłóg
Motoryzacyjna,Budget ($),19 km,2026-02-13,Sezonowa wymiana opon
Hydrauliczna,Premium ($$$),11 km,2026-02-26,Montaż instalacji wodnej w nowej kuchni
Transport i Przeprowadzki,Premium ($$$),16 km,2026-01-15,Transport pianina lub instrumentów
Transport i Przeprowadzki,Budget ($),21 km,2026-02-07,Dostarczenie palety towaru
Ogrody i Tereny Zielone,Premium ($$$),15 km,2026-02-08,Budowa tarasu drewnianego
Motoryzacyjna,Standard ($$),27 km,2026-03-09,Ustawienie zbieżności kół
Sprzątająca,Premium ($$$),1 km,2026-02-26,Czyszczenie elewacji domu
Florystyczna,Premium ($$$),26 km,2026-01-21,Oprawa kwiatowa pogrzebu
Budowlana,Budget ($),16 km,2026-02-13,Szpachlowanie ubytków w ścianie
Hydrauliczna,Standard ($$),3 km,2026-01-19,Udrożnienie rur w łazience
Hydrauliczna,Premium ($$$),2 km,2026-02-25,Montaż kabiny prysznicowej
Elektryczna,Budget ($),10 km,2026-01-13,Wymiana żarówek w witrynie sklepowej
Florystyczna,Premium ($$$),24 km,2026-02-27,Dekoracja kościoła na ślub
Florystyczna,Premium ($$$),23 km,2026-02-18,Dekoracja kwiatowa sali bankietowej
Motoryzacyjna,Standard ($$),6 km,2026-01-21,Wymiana olejów i filtrów
Hydrauliczna,Budget ($),24 km,2026-03-04,Wymiana uszczelki w kranie kuchennym
Motoryzacyjna,Standard ($$),13 km,2026-02-22,Naprawa układu hamulcowego
IT i Grafika,Standard ($$),24 km,2026-02-25,Złożenie prostego filmu promocyjnego
Motoryzacyjna,Premium ($$$),21 km,2026-01-12,Kompleksowy detailing wnętrza
IT i Grafika,Standard ($$),1 km,2026-01-31,Konfiguracja sieci Wi-Fi w biurze
Ogrody i Tereny Zielone,Budget ($),21 km,2026-02-26,Pielenie rabatek kwiatowych
IT i Grafika,Premium ($$$),10 km,2026-02-07,Pozycjonowanie strony lokalnej (SEO)
IT i Grafika,Standard ($$),2 km,2026-03-01,Złożenie prostego filmu promocyjnego
Budowlana,Standard ($$),11 km,2026-02-21,Układanie paneli podłogowych
Motoryzacyjna,Premium ($$$),25 km,2026-02-27,Przygotowanie auta do sprzedaży (komplet)
Budowlana,Premium ($$$),1 km,2026-02-15,Kompleksowe wykończenie łazienki
Sprzątająca,Standard ($$),17 km,2026-02-06,Mycie okien w całym domu
Sprzątająca,Standard ($$),26 km,2026-03-03,Pranie dywanów metodą ekstrakcyjną
Budowlana,Standard ($$),13 km,2026-02-01,Układanie paneli podłogowych
Ogrody i Tereny Zielone,Budget ($),24 km,2026-01-16,Wywiezienie odpadów zielonych
Hydrauliczna,Standard ($$),22 km,2026-02-23,Wymiana syfonu w zlewie
Motoryzacyjna,Budget ($),22 km,2026-02-21,Sezonowa wymiana opon
Motoryzacyjna,Standard ($$),5 km,2026-01-24,Ustawienie zbieżności kół
Motoryzacyjna,Budget ($),6 km,2026-01-13,Sezonowa wymiana opon
Dentystyczna,Premium ($$$),19 km,2026-01-11,Wstawienie implantu zębowego
Motoryzacyjna,Standard ($$),14 km,2026-02-18,Wymiana rozrządu w silniku Diesla
Dentystyczna,Standard ($$),14 km,2026-03-10,Proteza częściowa osiadająca
Ogrody i Tereny Zielone,Premium ($$$),16 km,2026-01-11,Wycinka starego drzewa (metoda alpinistyczna)
Sprzątająca,Standard ($$),21 km,2026-01-28,Regularne sprzątanie biura
Dentystyczna,Premium ($$$),22 km,2026-02-08,Wstawienie implantu zębowego
IT i Grafika,Premium ($$$),6 km,2026-02-09,Naprawa błędu w sklepie online
Transport i Przeprowadzki,Premium ($$$),1 km,2026-02-14,Przeprowadzka całego mieszkania
Motoryzacyjna,Premium ($$$),26 km,2026-03-10,Przygotowanie auta do sprzedaży (komplet)
Dentystyczna,Standard ($$),5 km,2026-03-08,Proteza częściowa osiadająca
Motoryzacyjna,Budget ($),27 km,2026-02-15,Sezonowa wymiana opon
Budowlana,Budget ($),5 km,2026-01-22,Wiercenie otworów w betonie pod półki
Motoryzacyjna,Premium ($$$),18 km,2026-02-22,Przygotowanie auta do sprzedaży (komplet)
Elektryczna,Standard ($$),19 km,2026-02-28,Podłączenie piekarnika elektrycznego
Florystyczna,Premium ($$$),19 km,2026-01-27,Oprawa kwiatowa pogrzebu
Motoryzacyjna,Premium ($$$),8 km,2026-03-01,Przygotowanie auta do sprzedaży (komplet)
Transport i Przeprowadzki,Budget ($),22 km,2026-02-28,Wniesienie lodówki na 4 piętro
Budowlana,Premium ($$$),14 km,2026-01-27,Kompleksowe wykończenie łazienki
Florystyczna,Standard ($$),26 km,2026-02-19,Kompozycja kwiatowa na recepcję
Motoryzacyjna,Standard ($$),30 km,2026-02-09,Wymiana rozrządu w silniku Diesla
IT i Grafika,Standard ($$),8 km,2026-02-22,Konfiguracja sieci Wi-Fi w biurze
Hydrauliczna,Premium ($$$),28 km,2026-01-29,Montaż kabiny prysznicowej
Hydrauliczna,Premium ($$$),11 km,2026-03-11,Montaż instalacji wodnej w nowej kuchni
Elektryczna,Premium ($$$),28 km,2026-02-26,Pomiary elektryczne instalacji
Elektryczna,Premium ($$$),29 km,2026-01-20,Instalacja inteligentnego domu (Smart Home)
Florystyczna,Standard ($$),6 km,2026-02-27,Pielęgnacja roślin w biurze
Dentystyczna,Budget ($),22 km,2026-03-07,Usunięcie kamienia nazębnego (skaling)
Hydrauliczna,Standard ($$),7 km,2026-01-11,Wymiana syfonu w zlewie
Elektryczna,Budget ($),9 km,2026-03-10,Montaż gniazdek i włączników
Sprzątająca,Standard ($$),20 km,2026-03-03,Regularne sprzątanie biura
Hydrauliczna,Standard ($$),15 km,2026-01-27,Wymiana syfonu w zlewie
Transport i Przeprowadzki,Budget ($),25 km,2026-02-17,Wniesienie lodówki na 4 piętro
Elektryczna,Standard ($$),9 km,2026-02-14,Naprawa oświetlenia LED
Hydrauliczna,Standard ($$),15 km,2026-02-27,Wymiana syfonu w zlewie
IT i Grafika,Standard ($$),3 km,2026-01-27,Strona wizytówka na WordPress
Ogrody i Tereny Zielone,Standard ($$),11 km,2026-03-01,Nasadzenia drzewek owocowych
IT i Grafika,Budget ($),1 km,2026-01-20,Usunięcie wirusów z laptopa
Budowlana,Budget ($),30 km,2026-02-19,Wiercenie otworów w betonie pod półki
Ogrody i Tereny Zielone,Budget ($),8 km,2026-02-03,Pielenie rabatek kwiatowych
Florystyczna,Premium ($$$),14 km,2026-02-01,Oprawa kwiatowa pogrzebu
Elektryczna,Standard ($$),29 km,2026-01-12,Podłączenie płyty indukcyjnej
Florystyczna,Standard ($$),26 km,2026-02-15,Kompozycja kwiatowa na recepcję
Florystyczna,Budget ($),27 km,2026-01-24,Wiązanka okolicznościowa
Motoryzacyjna,Premium ($$$),24 km,2026-02-28,Diagnostyka komputerowa i naprawa wtrysków
Transport i Przeprowadzki,Premium ($$$),26 km,2026-01-22,Przeprowadzka całego mieszkania
Transport i Przeprowadzki,Standard ($$),3 km,2026-01-23,Przewóz motocykla na lawecie
Motoryzacyjna,Standard ($$),25 km,2026-02-11,Wymiana olejów i filtrów
Ogrody i Tereny Zielone,Budget ($),16 km,2026-02-22,Grabienie liści
Budowlana,Standard ($$),23 km,2026-01-20,Układanie paneli podłogowych
Transport i Przeprowadzki,Premium ($$$),7 km,2026-02-19,Przeprowadzka całego mieszkania
Transport i Przeprowadzki,Standard ($$),18 km,2026-02-27,Przewóz motocykla na lawecie
Budowlana,Standard ($$),18 km,2026-02-13,Skuwanie starych płytek
Budowlana,Premium ($$$),15 km,2026-02-08,Kompleksowe wykończenie łazienki
Hydrauliczna,Standard ($$),16 km,2026-03-02,Wymiana licznika wody
Transport i Przeprowadzki,Standard ($$),28 km,2026-01-26,Przewóz motocykla na lawecie
Transport i Przeprowadzki,Budget ($),9 km,2026-01-23,Dostarczenie palety towaru
Ogrody i Tereny Zielone,Standard ($$),17 km,2026-02-13,Nasadzenia drzewek owocowych
Hydrauliczna,Budget ($),19 km,2026-01-16,Podłączenie pralki
IT i Grafika,Budget ($),19 km,2026-02-15,Instalacja systemu Windows i sterowników
Dentystyczna,Standard ($$),18 km,2026-01-13,Wypełnienie światłoutwardzalne
Transport i Przeprowadzki,Standard ($$),8 km,2026-02-12,Przewóz motocykla na lawecie
Florystyczna,Premium ($$$),1 km,2026-01-31,Oprawa kwiatowa pogrzebu
Sprzątająca,Premium ($$$),12 km,2026-01-22,Doczyszczanie posadzek przemysłowych
Sprzątająca,Standard ($$),4 km,2026-02-18,Sprzątanie po imprezie okolicznościowej
Dentystyczna,Budget ($),2 km,2026-02-20,Usunięcie kamienia nazębnego (skaling)
Budowlana,Standard ($$),22 km,2026-02-11,Układanie paneli podłogowych
Motoryzacyjna,Premium ($$$),9 km,2026-02-17,Kompleksowy detailing wnętrza
Budowlana,Standard ($$),15 km,2026-02-28,Izolacja akustyczna sufitu
Motoryzacyjna,Premium ($$$),7 km,2026-01-16,Diagnostyka komputerowa i naprawa wtrysków
IT i Grafika,Budget ($),28 km,2026-02-06,Edycja 20 zdjęć produktowych
Dentystyczna,Standard ($$),30 km,2026-02-27,Przegląd stomatologiczny i czyszczenie
Sprzątająca,Budget ($),20 km,2026-03-01,Mycie witryny sklepowej (mała)
Florystyczna,Standard ($$),2 km,2026-01-24,Pielęgnacja roślin w biurze
Sprzątająca,Standard ($$),4 km,2026-01-14,Regularne sprzątanie biura
Hydrauliczna,Standard ($$),17 km,2026-01-12,Wymiana licznika wody
Budowlana,Budget ($),19 km,2026-01-22,Wiercenie otworów w betonie pod półki
Transport i Przeprowadzki,Standard ($$),1 km,2026-01-29,Transport kanapy z wniesieniem
Budowlana,Standard ($$),23 km,2026-01-10,Skuwanie starych płytek
IT i Grafika,Budget ($),12 km,2026-02-13,Edycja 20 zdjęć produktowych
Dentystyczna,Premium ($$$),3 km,2026-01-25,Ekstrakcja zęba mądrości
Sprzątająca,Premium ($$$),15 km,2026-01-11,Doczyszczanie posadzek przemysłowych
Dentystyczna,Budget ($),24 km,2026-02-07,Usunięcie kamienia nazębnego (skaling)
Sprzątająca,Standard ($$),1 km,2026-02-16,Regularne sprzątanie biura
Hydrauliczna,Standard ($$),18 km,2026-01-30,Udrożnienie rur w łazience
Dentystyczna,Premium ($$$),7 km,2026-02-08,Ekstrakcja zęba mądrości
Transport i Przeprowadzki,Budget ($),30 km,2026-02-14,Dostarczenie palety towaru
IT i Grafika,Premium ($$$),3 km,2026-01-12,Pozycjonowanie strony lokalnej (SEO)
Budowlana,Standard ($$),21 km,2026-02-04,Skuwanie starych płytek
Florystyczna,Premium ($$$),2 km,2026-03-01,Dekoracja kwiatowa sali bankietowej
Dentystyczna,Budget ($),7 km,2026-02-03,Usunięcie kamienia nazębnego (skaling)
Motoryzacyjna,Premium ($$$),26 km,2026-03-03,Kompleksowy detailing wnętrza
Florystyczna,Budget ($),7 km,2026-02-15,Bukiet tulipanów z dostawą
Dentystyczna,Premium ($$$),8 km,2026-01-13,Ekstrakcja zęba mądrości
Florystyczna,Budget ($),19 km,2026-01-13,Bukiet tulipanów z dostawą
Sprzątająca,Budget ($),4 km,2026-02-24,Odkurzanie i mycie podłóg
Transport i Przeprowadzki,Standard ($$),8 km,2026-03-07,Wywóz starych mebli
IT i Grafika,Premium ($$$),23 km,2026-01-20,Pozycjonowanie strony lokalnej (SEO)
Sprzątająca,Standard ($$),1 km,2026-02-08,Pranie dywanów metodą ekstrakcyjną
Florystyczna,Premium ($$$),5 km,2026-02-19,Oprawa kwiatowa pogrzebu
Hydrauliczna,Standard ($$),12 km,2026-03-11,Udrożnienie rur w łazience
Ogrody i Tereny Zielone,Standard ($$),5 km,2026-02-21,Nasadzenia drzewek owocowych
Hydrauliczna,Standard ($$),3 km,2026-02-18,Udrożnienie rur w łazience
Sprzątająca,Standard ($$),27 km,2026-02-20,Mycie okien w całym domu
Elektryczna,Standard ($$),3 km,2026-03-03,Montaż domofonu w domu jednorodzinnym
Transport i Przeprowadzki,Standard ($$),23 km,2026-03-06,Przewóz motocykla na lawecie
Budowlana,Standard ($$),5 km,2026-02-07,Tynkowanie dekoracyjne jednej ściany
Dentystyczna,Standard ($$),19 km,2026-01-22,Konsultacja ortodontyczna
Sprzątająca,Standard ($$),26 km,2026-02-25,Sprzątanie po imprezie okolicznościowej
Florystyczna,Budget ($),18 km,2026-01-14,Bukiet tulipanów z dostawą
Motoryzacyjna,Standard ($$),4 km,2026-01-20,Wymiana rozrządu w silniku Diesla
Motoryzacyjna,Standard ($$),2 km,2026-03-05,Naprawa układu hamulcowego
Dentystyczna,Standard ($$),16 km,2026-01-20,Proteza częściowa osiadająca
Dentystyczna,Premium ($$$),18 km,2026-01-11,Licówki porcelanowe (2 sztuki)
Transport i Przeprowadzki,Premium ($$$),21 km,2026-01-25,Transport pianina lub instrumentów
Florystyczna,Standard ($$),24 km,2026-02-25,Warsztaty z układania lasu w słoiku
Hydrauliczna,Budget ($),19 km,2026-02-13,Naprawa cieknącego grzejnika
Transport i Przeprowadzki,Standard ($$),13 km,2026-02-11,Transport materiałów budowlanych
Florystyczna,Standard ($$),24 km,2026-02-18,Pielęgnacja roślin w biurze
Sprzątająca,Premium ($$$),20 km,2026-03-10,Czyszczenie elewacji domu
Ogrody i Tereny Zielone,Budget ($),1 km,2026-02-07,Grabienie liści
Dentystyczna,Standard ($$),28 km,2026-02-24,Przegląd stomatologiczny i czyszczenie
IT i Grafika,Premium ($$$),22 km,2026-01-12,Naprawa błędu w sklepie online
Sprzątająca,Standard ($$),11 km,2026-02-04,Pranie dywanów metodą ekstrakcyjną
Hydrauliczna,Standard ($$),13 km,2026-02-15,Naprawa spłuczki podtynkowej
Dentystyczna,Premium ($$$),22 km,2026-01-23,Wybielanie zębów
Hydrauliczna,Standard ($$),11 km,2026-02-26,Udrożnienie rur w łazience
Budowlana,Standard ($$),9 km,2026-01-10,Izolacja akustyczna sufitu
Florystyczna,Budget ($),6 km,2026-01-16,Bukiet tulipanów z dostawą
Sprzątająca,Standard ($$),18 km,2026-01-26,Regularne sprzątanie biura
Florystyczna,Standard ($$),4 km,2026-02-06,Flowerbox na urodziny
Florystyczna,Standard ($$),27 km,2026-02-08,Warsztaty z układania lasu w słoiku
Elektryczna,Budget ($),28 km,2026-02-21,Naprawa zerwanego kabla zasilającego
Budowlana,Standard ($$),5 km,2026-01-26,Układanie paneli podłogowych
Elektryczna,Premium ($$$),13 km,2026-03-09,Pomiary elektryczne instalacji
Ogrody i Tereny Zielone,Budget ($),19 km,2026-02-24,Wywiezienie odpadów zielonych
Transport i Przeprowadzki,Budget ($),18 km,2026-02-25,Dostarczenie palety towaru
Transport i Przeprowadzki,Standard ($$),27 km,2026-01-23,Transport kanapy z wniesieniem
Sprzątająca,Standard ($$),21 km,2026-02-23,Pranie dywanów metodą ekstrakcyjną
Ogrody i Tereny Zielone,Budget ($),25 km,2026-01-25,Pielenie rabatek kwiatowych
Dentystyczna,Premium ($$$),5 km,2026-02-13,Wybielanie zębów
Florystyczna,Premium ($$$),8 km,2026-01-29,Przygotowanie bukietu ślubnego
IT i Grafika,Premium ($$$),5 km,2026-01-31,Stworzenie aplikacji mobilnej MVP
Sprzątająca,Budget ($),15 km,2026-01-13,Odkurzanie i mycie podłóg
Florystyczna,Premium ($$$),12 km,2026-03-04,Przygotowanie bukietu ślubnego
IT i Grafika,Budget ($),19 km,2026-01-19,Instalacja systemu Windows i sterowników
Sprzątająca,Standard ($$),28 km,2026-02-06,Sprzątanie po imprezie okolicznościowej
Budowlana,Standard ($$),6 km,2026-01-29,Układanie paneli podłogowych
Transport i Przeprowadzki,Budget ($),17 km,2026-01-29,Dostarczenie palety towaru
Hydrauliczna,Budget ($),22 km,2026-02-26,Naprawa cieknącego grzejnika
Hydrauliczna,Budget ($),2 km,2026-02-26,Podłączenie pralki
Dentystyczna,Standard ($$),24 km,2026-03-01,Przegląd stomatologiczny i czyszczenie
Transport i Przeprowadzki,Standard ($$),8 km,2026-02-25,Przewóz motocykla na lawecie
Florystyczna,Budget ($),26 km,2026-02-24,Bukiet tulipanów z dostawą
Sprzątająca,Premium ($$$),26 km,2026-01-26,Doczyszczanie posadzek przemysłowych
Motoryzacyjna,Premium ($$$),23 km,2026-03-11,Diagnostyka komputerowa i naprawa wtrysków
Transport i Przeprowadzki,Standard ($$),8 km,2026-02-08,Wywóz starych mebli
Ogrody i Tereny Zielone,Budget ($),24 km,2026-02-10,Pielenie rabatek kwiatowych
Motoryzacyjna,Standard ($$),15 km,2026-01-28,Naprawa układu hamulcowego
Florystyczna,Budget ($),12 km,2026-01-23,Bukiet tulipanów z dostawą
Dentystyczna,Standard ($$),1 km,2026-01-11,Wypełnienie światłoutwardzalne
Elektryczna,Standard ($$),22 km,2026-01-26,Podłączenie płyty indukcyjnej
Ogrody i Tereny Zielone,Standard ($$),6 km,2026-01-31,Nasadzenia drzewek owocowych
Elektryczna,Premium ($$$),17 km,2026-01-10,Instalacja inteligentnego domu (Smart Home)
Budowlana,Standard ($$),21 km,2026-03-08,Tynkowanie dekoracyjne jednej ściany
Dentystyczna,Standard ($$),17 km,2026-02-20,Konsultacja ortodontyczna
Sprzątająca,Premium ($$$),11 km,2026-02-27,Czyszczenie elewacji domu
Transport i Przeprowadzki,Budget ($),2 km,2026-02-01,Wniesienie lodówki na 4 piętro
Transport i Przeprowadzki,Standard ($$),5 km,2026-01-18,Transport kanapy z wniesieniem
Florystyczna,Standard ($$),21 km,2026-03-08,Pielęgnacja roślin w biurze
Florystyczna,Premium ($$$),28 km,2026-03-08,Dekoracja kościoła na ślub
Florystyczna,Premium ($$$),27 km,2026-02-14,Dekoracja kwiatowa sali bankietowej
Budowlana,Standard ($$),15 km,2026-01-12,Skuwanie starych płytek
Dentystyczna,Premium ($$$),9 km,2026-02-17,Wybielanie zębów
Dentystyczna,Standard ($$),20 km,2026-01-19,Konsultacja ortodontyczna
Sprzątająca,Premium ($$$),14 km,2026-03-03,Czyszczenie elewacji domu
IT i Grafika,Premium ($$$),15 km,2026-02-27,Naprawa błędu w sklepie online
Sprzątająca,Premium ($$$),22 km,2026-01-11,Doczyszczanie posadzek przemysłowych
Budowlana,Standard ($$),26 km,2026-02-08,Izolacja akustyczna sufitu
Sprzątająca,Standard ($$),18 km,2026-01-11,Pranie dywanów metodą ekstrakcyjną
Florystyczna,Standard ($$),17 km,2026-02-04,Pielęgnacja roślin w biurze
Dentystyczna,Standard ($$),22 km,2026-01-27,Przegląd stomatologiczny i czyszczenie
Hydrauliczna,Standard ($$),11 km,2026-02-15,Naprawa spłuczki podtynkowej
Motoryzacyjna,Premium ($$$),9 km,2026-01-25,Diagnostyka komputerowa i naprawa wtrysków
IT i Grafika,Premium ($$$),17 km,2026-01-27,Zaprojektowanie logo i identyfikacji
Transport i Przeprowadzki,Budget ($),30 km,2026-02-03,Wniesienie lodówki na 4 piętro
Hydrauliczna,Standard ($$),25 km,2026-01-29,Wymiana syfonu w zlewie
Hydrauliczna,Standard ($$),11 km,2026-02-28,Wymiana licznika wody
Transport i Przeprowadzki,Premium ($$$),9 km,2026-01-24,Przeprowadzka całego mieszkania
Elektryczna,Budget ($),2 km,2026-01-31,Montaż gniazdek i włączników
Elektryczna,Standard ($$),1 km,2026-03-02,Podłączenie płyty indukcyjnej
Elektryczna,Budget ($),28 km,2026-02-07,Naprawa zerwanego kabla zasilającego
IT i Grafika,Budget ($),14 km,2026-01-28,Usunięcie wirusów z laptopa
Hydrauliczna,Premium ($$$),12 km,2026-01-14,Montaż kabiny prysznicowej
Transport i Przeprowadzki,Standard ($$),3 km,2026-02-05,Przewóz motocykla na lawecie
Sprzątająca,Standard ($$),13 km,2026-02-23,Mycie okien w całym domu
Ogrody i Tereny Zielone,Budget ($),13 km,2026-01-11,Pielenie rabatek kwiatowych
Budowlana,Standard ($$),14 km,2026-02-13,Malowanie salonu 30m2
Elektryczna,Premium ($$$),21 km,2026-01-25,Pomiary elektryczne instalacji
Sprzątająca,Standard ($$),23 km,2026-02-05,Mycie okien w całym domu
Florystyczna,Premium ($$$),14 km,2026-01-15,Dekoracja kwiatowa sali bankietowej
Dentystyczna,Premium ($$$),13 km,2026-01-20,Licówki porcelanowe (2 sztuki)
Hydrauliczna,Premium ($$$),10 km,2026-02-19,Montaż kabiny prysznicowej
Florystyczna,Premium ($$$),28 km,2026-01-31,Dekoracja kwiatowa sali bankietowej
Budowlana,Budget ($),5 km,2026-02-15,Wiercenie otworów w betonie pod półki
Motoryzacyjna,Standard ($$),25 km,2026-02-28,Ustawienie zbieżności kół
Transport i Przeprowadzki,Budget ($),21 km,2026-03-01,Wniesienie lodówki na 4 piętro
Elektryczna,Premium ($$$),19 km,2026-01-13,Pomiary elektryczne instalacji
Florystyczna,Standard ($$),12 km,2026-02-15,Kompozycja kwiatowa na recepcję
Budowlana,Budget ($),19 km,2026-02-10,Wiercenie otworów w betonie pod półki
IT i Grafika,Premium ($$$),22 km,2026-03-11,Stworzenie aplikacji mobilnej MVP
Sprzątająca,Standard ($$),16 km,2026-02-05,Mycie okien w całym domu
Ogrody i Tereny Zielone,Budget ($),29 km,2026-02-24,Wywiezienie odpadów zielonych
Elektryczna,Budget ($),1 km,2026-03-05,Naprawa zerwanego kabla zasilającego
Transport i Przeprowadzki,Budget ($),7 km,2026-03-02,Wniesienie lodówki na 4 piętro
Hydrauliczna,Premium ($$$),17 km,2026-01-30,Instalacja ogrzewania podłogowego
Motoryzacyjna,Premium ($$$),1 km,2026-02-01,Diagnostyka komputerowa i naprawa wtrysków
Motoryzacyjna,Premium ($$$),21 km,2026-02-28,Przygotowanie auta do sprzedaży (komplet)
Sprzątająca,Premium ($$$),21 km,2026-01-20,Czyszczenie elewacji domu
Ogrody i Tereny Zielone,Premium ($$$),16 km,2026-01-17,Budowa tarasu drewnianego
Florystyczna,Standard ($$),13 km,2026-03-08,Warsztaty z układania lasu w słoiku
Transport i Przeprowadzki,Budget ($),25 km,2026-03-11,Dostarczenie palety towaru
IT i Grafika,Standard ($$),18 km,2026-01-11,Strona wizytówka na WordPress
Sprzątająca,Premium ($$$),11 km,2026-01-30,Gruntowne sprzątanie po remoncie
Sprzątająca,Standard ($$),21 km,2026-02-11,Sprzątanie po imprezie okolicznościowej
IT i Grafika,Budget ($),25 km,2026-01-11,Instalacja systemu Windows i sterowników
Budowlana,Standard ($$),30 km,2026-02-04,Malowanie salonu 30m2
Transport i Przeprowadzki,Budget ($),27 km,2026-02-19,Wniesienie lodówki na 4 piętro
Florystyczna,Standard ($$),28 km,2026-02-24,Flowerbox na urodziny
IT i Grafika,Standard ($$),15 km,2026-02-21,Złożenie prostego filmu promocyjnego
Transport i Przeprowadzki,Budget ($),13 km,2026-02-10,Dostarczenie palety towaru
Transport i Przeprowadzki,Budget ($),22 km,2026-03-01,Przewóz szafy (sam kierowca)
Dentystyczna,Standard ($$),15 km,2026-02-24,Przegląd stomatologiczny i czyszczenie
Hydrauliczna,Premium ($$$),23 km,2026-01-31,Montaż instalacji wodnej w nowej kuchni
Dentystyczna,Budget ($),20 km,2026-02-25,Leczenie kanałowe jednego kanału
Motoryzacyjna,Standard ($$),11 km,2026-02-17,Wymiana rozrządu w silniku Diesla
Elektryczna,Premium ($$$),18 km,2026-02-26,Wymiana skrzynki bezpiecznikowej
Motoryzacyjna,Standard ($$),1 km,2026-02-07,Ustawienie zbieżności kół
Elektryczna,Budget ($),7 km,2026-01-17,Naprawa zerwanego kabla zasilającego
Hydrauliczna,Standard ($$),21 km,2026-02-02,Wymiana licznika wody
Dentystyczna,Premium ($$$),26 km,2026-01-23,Ekstrakcja zęba mądrości
IT i Grafika,Standard ($$),5 km,2026-02-22,Złożenie prostego filmu promocyjnego
Budowlana,Standard ($$),23 km,2026-02-09,Tynkowanie dekoracyjne jednej ściany
Florystyczna,Premium ($$$),5 km,2026-01-17,Oprawa kwiatowa pogrzebu
Sprzątająca,Premium ($$$),19 km,2026-02-12,Gruntowne sprzątanie po remoncie
Elektryczna,Budget ($),11 km,2026-01-24,Montaż gniazdek i włączników
Hydrauliczna,Premium ($$$),21 km,2026-01-29,Instalacja ogrzewania podłogowego
Transport i Przeprowadzki,Premium ($$$),25 km,2026-03-03,Transport pianina lub instrumentów
IT i Grafika,Standard ($$),16 km,2026-02-20,Konfiguracja sieci Wi-Fi w biurze
IT i Grafika,Budget ($),8 km,2026-03-05,Edycja 20 zdjęć produktowych
Dentystyczna,Premium ($$$),16 km,2026-02-12,Ekstrakcja zęba mądrości
IT i Grafika,Budget ($),7 km,2026-01-24,Edycja 20 zdjęć produktowych
Hydrauliczna,Standard ($$),16 km,2026-02-09,Udrożnienie rur w łazience
Motoryzacyjna,Standard ($$),22 km,2026-03-03,Naprawa układu hamulcowego
Dentystyczna,Budget ($),18 km,2026-03-02,Usunięcie kamienia nazębnego (skaling)
Motoryzacyjna,Budget ($),17 km,2026-01-16,Sezonowa wymiana opon
Sprzątająca,Standard ($$),10 km,2026-02-17,Pranie dywanów metodą ekstrakcyjną
IT i Grafika,Premium ($$$),4 km,2026-03-07,Stworzenie aplikacji mobilnej MVP
Hydrauliczna,Standard ($$),1 km,2026-03-01,Wymiana syfonu w zlewie
Ogrody i Tereny Zielone,Premium ($$$),23 km,2026-01-29,Budowa tarasu drewnianego
Florystyczna,Standard ($$),22 km,2026-02-20,Warsztaty z układania lasu w słoiku
Transport i Przeprowadzki,Standard ($$),28 km,2026-02-04,Przewóz motocykla na lawecie
Motoryzacyjna,Standard ($$),20 km,2026-02-21,Ustawienie zbieżności kół
IT i Grafika,Budget ($),2 km,2026-02-09,Usunięcie wirusów z laptopa
Florystyczna,Budget ($),19 km,2026-02-03,Bukiet tulipanów z dostawą
Elektryczna,Premium ($$$),5 km,2026-01-14,Wymiana skrzynki bezpiecznikowej
Florystyczna,Premium ($$$),11 km,2026-03-11,Oprawa kwiatowa pogrzebu
Sprzątająca,Standard ($$),16 km,2026-01-14,Pranie tapicerki meblowej
Budowlana,Premium ($$$),15 km,2026-02-12,Budowa ścianki działowej z płyt G-K
IT i Grafika,Standard ($$),7 km,2026-02-07,Złożenie prostego filmu promocyjnego
Florystyczna,Standard ($$),26 km,2026-01-26,Kompozycja kwiatowa na recepcję
Ogrody i Tereny Zielone,Premium ($$$),6 km,2026-01-29,Montaż systemu nawadniania
Ogrody i Tereny Zielone,Standard ($$),14 km,2026-02-16,Opryski przeciw szkodnikom
Florystyczna,Budget ($),1 km,2026-02-27,Wiązanka okolicznościowa
Dentystyczna,Premium ($$$),15 km,2026-01-26,Ekstrakcja zęba mądrości
Elektryczna,Standard ($$),24 km,2026-01-29,Podłączenie piekarnika elektrycznego
Sprzątająca,Premium ($$$),20 km,2026-02-07,Doczyszczanie posadzek przemysłowych
Elektryczna,Standard ($$),5 km,2026-01-16,Montaż domofonu w domu jednorodzinnym
Sprzątająca,Standard ($$),22 km,2026-02-22,Pranie tapicerki meblowej
Motoryzacyjna,Standard ($$),8 km,2026-01-14,Naprawa układu hamulcowego
Motoryzacyjna,Standard ($$),11 km,2026-01-29,Naprawa układu hamulcowego
Hydrauliczna,Premium ($$$),2 km,2026-01-20,Instalacja ogrzewania podłogowego
Ogrody i Tereny Zielone,Budget ($),25 km,2026-02-19,Wywiezienie odpadów zielonych
Budowlana,Standard ($$),27 km,2026-03-05,Malowanie salonu 30m2
Ogrody i Tereny Zielone,Standard ($$),7 km,2026-02-28,Opryski przeciw szkodnikom
Dentystyczna,Premium ($$$),12 km,2026-01-20,Wstawienie implantu zębowego
Sprzątająca,Budget ($),18 km,2026-03-10,Odkurzanie i mycie podłóg
Florystyczna,Standard ($$),21 km,2026-02-17,Kompozycja kwiatowa na recepcję
Ogrody i Tereny Zielone,Standard ($$),15 km,2026-02-14,Koszenie i aeracja trawnika
Ogrody i Tereny Zielone,Budget ($),1 km,2026-01-11,Pielenie rabatek kwiatowych
Elektryczna,Standard ($$),4 km,2026-02-04,Podłączenie płyty indukcyjnej
Elektryczna,Premium ($$$),13 km,2026-02-02,Instalacja inteligentnego domu (Smart Home)
Hydrauliczna,Standard ($$),21 km,2026-03-06,Udrożnienie rur w łazience
IT i Grafika,Premium ($$$),22 km,2026-01-17,Pozycjonowanie strony lokalnej (SEO)
Hydrauliczna,Budget ($),19 km,2026-02-17,Naprawa cieknącego grzejnika
Sprzątająca,Premium ($$$),21 km,2026-01-15,Czyszczenie elewacji domu
Ogrody i Tereny Zielone,Premium ($$$),28 km,2026-03-01,Budowa tarasu drewnianego
Ogrody i Tereny Zielone,Budget ($),22 km,2026-01-24,Pielenie rabatek kwiatowych
IT i Grafika,Premium ($$$),8 km,2026-03-08,Stworzenie aplikacji mobilnej MVP
Budowlana,Standard ($$),20 km,2026-02-01,Układanie paneli podłogowych
Budowlana,Premium ($$$),20 km,2026-02-24,Montaż sufitu podwieszanego
Sprzątająca,Standard ($$),29 km,2026-01-15,Sprzątanie po imprezie okolicznościowej
Budowlana,Budget ($),24 km,2026-01-17,Wiercenie otworów w betonie pod półki
Motoryzacyjna,Premium ($$$),18 km,2026-02-19,Diagnostyka komputerowa i naprawa wtrysków
Transport i Przeprowadzki,Standard ($$),27 km,2026-03-09,Wywóz starych mebli
Florystyczna,Standard ($$),29 km,2026-02-22,Flowerbox na urodziny
Florystyczna,Standard ($$),6 km,2026-02-01,Warsztaty z układania lasu w słoiku
Hydrauliczna,Premium ($$$),10 km,2026-01-25,Instalacja ogrzewania podłogowego
Motoryzacyjna,Standard ($$),13 km,2026-03-02,Wymiana rozrządu w silniku Diesla
Budowlana,Budget ($),26 km,2026-01-20,Wiercenie otworów w betonie pod półki
Motoryzacyjna,Standard ($$),28 km,2026-03-07,Naprawa układu hamulcowego
Transport i Przeprowadzki,Budget ($),3 km,2026-01-30,Przewóz szafy (sam kierowca)
Motoryzacyjna,Standard ($$),26 km,2026-02-16,Ustawienie zbieżności kół
Florystyczna,Standard ($$),12 km,2026-01-28,Warsztaty z układania lasu w słoiku
Hydrauliczna,Premium ($$$),18 km,2026-02-10,Montaż instalacji wodnej w nowej kuchni
Sprzątająca,Standard ($$),22 km,2026-02-23,Mycie okien w całym domu
Hydrauliczna,Budget ($),15 km,2026-02-03,Wymiana uszczelki w kranie kuchennym
Hydrauliczna,Standard ($$),5 km,2026-01-24,Wymiana syfonu w zlewie
IT i Grafika,Standard ($$),14 km,2026-01-23,Złożenie prostego filmu promocyjnego
Elektryczna,Standard ($$),30 km,2026-01-21,Montaż domofonu w domu jednorodzinnym
Dentystyczna,Budget ($),11 km,2026-01-30,Usunięcie kamienia nazębnego (skaling)
IT i Grafika,Budget ($),26 km,2026-03-11,Usunięcie wirusów z laptopa
Elektryczna,Standard ($$),7 km,2026-01-16,Naprawa oświetlenia LED
Ogrody i Tereny Zielone,Budget ($),27 km,2026-01-21,Grabienie liści
IT i Grafika,Standard ($$),23 km,2026-03-03,Strona wizytówka na WordPress
Florystyczna,Premium ($$$),6 km,2026-01-29,Przygotowanie bukietu ślubnego
Ogrody i Tereny Zielone,Budget ($),9 km,2026-01-20,Wywiezienie odpadów zielonych
Ogrody i Tereny Zielone,Budget ($),4 km,2026-03-06,Grabienie liści
Elektryczna,Budget ($),9 km,2026-02-16,Montaż gniazdek i włączników
Sprzątająca,Budget ($),14 km,2026-01-12,Mycie witryny sklepowej (mała)
Elektryczna,Budget ($),21 km,2026-01-20,Naprawa zerwanego kabla zasilającego
Budowlana,Standard ($$),26 km,2026-02-05,Układanie paneli podłogowych
Motoryzacyjna,Premium ($$$),24 km,2026-02-04,Kompleksowy detailing wnętrza
Florystyczna,Premium ($$$),28 km,2026-03-03,Dekoracja kwiatowa sali bankietowej
Budowlana,Standard ($$),18 km,2026-01-14,Tynkowanie dekoracyjne jednej ściany
Florystyczna,Standard ($$),4 km,2026-01-13,Pielęgnacja roślin w biurze
Budowlana,Premium ($$$),20 km,2026-02-03,Montaż sufitu podwieszanego
Sprzątająca,Standard ($$),29 km,2026-02-28,Regularne sprzątanie biura
Motoryzacyjna,Standard ($$),8 km,2026-02-03,Wymiana olejów i filtrów
Dentystyczna,Standard ($$),6 km,2026-03-04,Wypełnienie światłoutwardzalne
IT i Grafika,Budget ($),18 km,2026-01-18,Usunięcie wirusów z laptopa
Transport i Przeprowadzki,Premium ($$$),30 km,2026-02-18,Transport pianina lub instrumentów
Budowlana,Standard ($$),12 km,2026-01-11,Malowanie salonu 30m2
Elektryczna,Premium ($$$),3 km,2026-02-04,Instalacja inteligentnego domu (Smart Home)
Sprzątająca,Standard ($$),9 km,2026-01-18,Sprzątanie po imprezie okolicznościowej
Budowlana,Budget ($),18 km,2026-01-28,Szpachlowanie ubytków w ścianie
Florystyczna,Budget ($),9 km,2026-02-18,Wiązanka okolicznościowa
IT i Grafika,Standard ($$),22 km,2026-03-09,Złożenie prostego filmu promocyjnego
Ogrody i Tereny Zielone,Budget ($),24 km,2026-02-13,Grabienie liści
Dentystyczna,Standard ($$),11 km,2026-01-14,Przegląd stomatologiczny i czyszczenie
Ogrody i Tereny Zielone,Budget ($),22 km,2026-02-05,Pielenie rabatek kwiatowych
Transport i Przeprowadzki,Standard ($$),8 km,2026-01-13,Przewóz motocykla na lawecie
Budowlana,Standard ($$),4 km,2026-01-15,Układanie paneli podłogowych
Budowlana,Standard ($$),18 km,2026-02-14,Skuwanie starych płytek
Budowlana,Standard ($$),12 km,2026-03-10,Malowanie salonu 30m2
Transport i Przeprowadzki,Premium ($$$),18 km,2026-02-20,Relokacja biura (10 stanowisk)
IT i Grafika,Standard ($$),5 km,2026-02-02,Strona wizytówka na WordPress
IT i Grafika,Premium ($$$),18 km,2026-01-13,Naprawa błędu w sklepie online
Sprzątająca,Premium ($$$),22 km,2026-01-31,Czyszczenie elewacji domu
Florystyczna,Standard ($$),11 km,2026-01-19,Pielęgnacja roślin w biurze
Hydrauliczna,Premium ($$$),4 km,2026-02-12,Montaż kabiny prysznicowej
Ogrody i Tereny Zielone,Standard ($$),9 km,2026-03-03,Koszenie i aeracja trawnika
Elektryczna,Standard ($$),9 km,2026-02-26,Podłączenie płyty indukcyjnej
Elektryczna,Budget ($),22 km,2026-02-28,Montaż gniazdek i włączników
Motoryzacyjna,Premium ($$$),21 km,2026-02-15,Kompleksowy detailing wnętrza
Budowlana,Budget ($),20 km,2026-03-07,Szpachlowanie ubytków w ścianie
Budowlana,Standard ($$),29 km,2026-01-18,Malowanie salonu 30m2
Dentystyczna,Premium ($$$),19 km,2026-01-17,Wybielanie zębów
Ogrody i Tereny Zielone,Premium ($$$),3 km,2026-02-17,Montaż systemu nawadniania
Florystyczna,Budget ($),2 km,2026-02-22,Wiązanka okolicznościowa
Florystyczna,Premium ($$$),30 km,2026-01-24,Dekoracja kościoła na ślub
Motoryzacyjna,Premium ($$$),12 km,2026-01-11,Kompleksowy detailing wnętrza
Dentystyczna,Standard ($$),24 km,2026-02-01,Proteza częściowa osiadająca
Ogrody i Tereny Zielone,Premium ($$$),25 km,2026-01-10,Budowa tarasu drewnianego
Dentystyczna,Standard ($$),16 km,2026-01-13,Przegląd stomatologiczny i czyszczenie
Elektryczna,Premium ($$$),4 km,2026-02-28,Instalacja inteligentnego domu (Smart Home)
IT i Grafika,Standard ($$),12 km,2026-02-10,Strona wizytówka na WordPress
Transport i Przeprowadzki,Standard ($$),17 km,2026-02-25,Wywóz starych mebli
Sprzątająca,Standard ($$),14 km,2026-03-07,Mycie okien w całym domu
Transport i Przeprowadzki,Standard ($$),27 km,2026-01-31,Transport materiałów budowlanych
Ogrody i Tereny Zielone,Standard ($$),26 km,2026-01-12,Nasadzenia drzewek owocowych
Dentystyczna,Standard ($$),24 km,2026-01-15,Wypełnienie światłoutwardzalne
IT i Grafika,Premium ($$$),12 km,2026-02-01,Zaprojektowanie logo i identyfikacji
Budowlana,Standard ($$),20 km,2026-03-09,Skuwanie starych płytek
Florystyczna,Standard ($$),1 km,2026-02-16,Kompozycja kwiatowa na recepcję
Florystyczna,Standard ($$),3 km,2026-01-10,Pielęgnacja roślin w biurze
Elektryczna,Premium ($$$),14 km,2026-02-26,Wymiana skrzynki bezpiecznikowej
Florystyczna,Premium ($$$),14 km,2026-03-10,Dekoracja kościoła na ślub
Florystyczna,Premium ($$$),26 km,2026-01-14,Dekoracja kościoła na ślub
Ogrody i Tereny Zielone,Premium ($$$),20 km,2026-02-12,Wycinka starego drzewa (metoda alpinistyczna)
Hydrauliczna,Standard ($$),19 km,2026-02-11,Wymiana syfonu w zlewie
Hydrauliczna,Premium ($$$),19 km,2026-02-01,Montaż instalacji wodnej w nowej kuchni
Ogrody i Tereny Zielone,Standard ($$),1 km,2026-02-03,Nasadzenia drzewek owocowych
Elektryczna,Premium ($$$),5 km,2026-03-05,Wymiana skrzynki bezpiecznikowej
Elektryczna,Budget ($),7 km,2026-01-10,Naprawa zerwanego kabla zasilającego
Sprzątająca,Budget ($),16 km,2026-02-21,Mycie witryny sklepowej (mała)
Motoryzacyjna,Budget ($),1 km,2026-01-16,Polerowanie zmatowiałych reflektorów
Ogrody i Tereny Zielone,Standard ($$),13 km,2026-03-04,Koszenie i aeracja trawnika
Dentystyczna,Budget ($),2 km,2026-02-25,Leczenie kanałowe jednego kanału
Transport i Przeprowadzki,Budget ($),24 km,2026-02-15,Dostarczenie palety towaru
Ogrody i Tereny Zielone,Budget ($),22 km,2026-01-25,Pielenie rabatek kwiatowych
Budowlana,Standard ($$),2 km,2026-02-06,Malowanie salonu 30m2
Sprzątająca,Standard ($$),9 km,2026-03-05,Sprzątanie po imprezie okolicznościowej
Hydrauliczna,Standard ($$),15 km,2026-02-01,Wymiana licznika wody
Budowlana,Standard ($$),16 km,2026-02-09,Izolacja akustyczna sufitu
Transport i Przeprowadzki,Standard ($$),6 km,2026-01-19,Wywóz starych mebli
Elektryczna,Premium ($$$),6 km,2026-03-10,Wymiana skrzynki bezpiecznikowej
IT i Grafika,Budget ($),27 km,2026-02-01,Instalacja systemu Windows i sterowników
IT i Grafika,Premium ($$$),14 km,2026-03-06,Naprawa błędu w sklepie online
Transport i Przeprowadzki,Budget ($),15 km,2026-02-04,Dostarczenie palety towaru
Transport i Przeprowadzki,Budget ($),11 km,2026-01-19,Wniesienie lodówki na 4 piętro
Elektryczna,Budget ($),22 km,2026-03-06,Montaż gniazdek i włączników
IT i Grafika,Budget ($),4 km,2026-02-05,Usunięcie wirusów z laptopa
Motoryzacyjna,Premium ($$$),8 km,2026-03-02,Przygotowanie auta do sprzedaży (komplet)
Elektryczna,Standard ($$),14 km,2026-02-19,Podłączenie płyty indukcyjnej
Florystyczna,Standard ($$),27 km,2026-02-07,Kompozycja kwiatowa na recepcję
Hydrauliczna,Budget ($),1 km,2026-01-29,Naprawa cieknącego grzejnika
Motoryzacyjna,Budget ($),22 km,2026-01-24,Polerowanie zmatowiałych reflektorów
IT i Grafika,Premium ($$$),15 km,2026-02-27,Pozycjonowanie strony lokalnej (SEO)
Hydrauliczna,Standard ($$),5 km,2026-02-23,Wymiana syfonu w zlewie
IT i Grafika,Budget ($),17 km,2026-01-11,Instalacja systemu Windows i sterowników
Florystyczna,Standard ($$),19 km,2026-02-16,Flowerbox na urodziny
Florystyczna,Standard ($$),26 km,2026-02-16,Kompozycja kwiatowa na recepcję
Transport i Przeprowadzki,Standard ($$),16 km,2026-03-10,Transport kanapy z wniesieniem
Budowlana,Standard ($$),16 km,2026-02-02,Skuwanie starych płytek
Hydrauliczna,Budget ($),20 km,2026-02-28,Podłączenie pralki
Transport i Przeprowadzki,Standard ($$),23 km,2026-01-29,Transport kanapy z wniesieniem
Motoryzacyjna,Premium ($$$),9 km,2026-01-13,Diagnostyka komputerowa i naprawa wtrysków
Florystyczna,Premium ($$$),9 km,2026-03-02,Dekoracja kwiatowa sali bankietowej
Ogrody i Tereny Zielone,Standard ($$),25 km,2026-02-26,Koszenie i aeracja trawnika
Hydrauliczna,Standard ($$),4 km,2026-01-20,Wymiana licznika wody
Hydrauliczna,Premium ($$$),7 km,2026-02-07,Instalacja ogrzewania podłogowego
Motoryzacyjna,Standard ($$),13 km,2026-02-08,Naprawa układu hamulcowego
Motoryzacyjna,Standard ($$),2 km,2026-01-23,Ustawienie zbieżności kół
Hydrauliczna,Standard ($$),16 km,2026-01-19,Wymiana syfonu w zlewie
Hydrauliczna,Standard ($$),24 km,2026-02-22,Wymiana syfonu w zlewie
Dentystyczna,Premium ($$$),29 km,2026-02-18,Wstawienie implantu zębowego
Dentystyczna,Budget ($),21 km,2026-01-21,Usunięcie kamienia nazębnego (skaling)
Ogrody i Tereny Zielone,Budget ($),16 km,2026-02-27,Wywiezienie odpadów zielonych
Dentystyczna,Standard ($$),6 km,2026-02-13,Wypełnienie światłoutwardzalne
IT i Grafika,Budget ($),15 km,2026-03-04,Edycja 20 zdjęć produktowych
IT i Grafika,Budget ($),10 km,2026-02-22,Usunięcie wirusów z laptopa
Motoryzacyjna,Standard ($$),10 km,2026-01-30,Wymiana rozrządu w silniku Diesla
Hydrauliczna,Standard ($$),28 km,2026-03-10,Naprawa spłuczki podtynkowej
Ogrody i Tereny Zielone,Budget ($),20 km,2026-02-14,Pielenie rabatek kwiatowych
Budowlana,Standard ($$),15 km,2026-02-18,Tynkowanie dekoracyjne jednej ściany
Hydrauliczna,Budget ($),9 km,2026-03-03,Wymiana uszczelki w kranie kuchennym
Elektryczna,Standard ($$),21 km,2026-02-08,Podłączenie piekarnika elektrycznego
Budowlana,Budget ($),1 km,2026-02-16,Szpachlowanie ubytków w ścianie
Motoryzacyjna,Standard ($$),21 km,2026-01-28,Ustawienie zbieżności kół
Dentystyczna,Budget ($),8 km,2026-02-14,Usunięcie kamienia nazębnego (skaling)
Sprzątająca,Premium ($$$),26 km,2026-02-23,Gruntowne sprzątanie po remoncie
Motoryzacyjna,Premium ($$$),9 km,2026-02-24,Kompleksowy detailing wnętrza
Sprzątająca,Standard ($$),25 km,2026-02-15,Pranie tapicerki meblowej
IT i Grafika,Premium ($$$),9 km,2026-02-19,Pozycjonowanie strony lokalnej (SEO)
Elektryczna,Budget ($),15 km,2026-02-27,Naprawa zerwanego kabla zasilającego
Elektryczna,Premium ($$$),18 km,2026-02-05,Instalacja inteligentnego domu (Smart Home)
Dentystyczna,Premium ($$$),22 km,2026-02-14,Wstawienie implantu zębowego
Elektryczna,Standard ($$),19 km,2026-01-14,Podłączenie piekarnika elektrycznego
Dentystyczna,Standard ($$),14 km,2026-01-14,Przegląd stomatologiczny i czyszczenie
Elektryczna,Premium ($$$),28 km,2026-02-17,Instalacja inteligentnego domu (Smart Home)
IT i Grafika,Standard ($$),12 km,2026-02-11,Strona wizytówka na WordPress
IT i Grafika,Budget ($),26 km,2026-03-08,Edycja 20 zdjęć produktowych
Hydrauliczna,Standard ($$),13 km,2026-02-28,Udrożnienie rur w łazience
Florystyczna,Budget ($),4 km,2026-02-01,Bukiet tulipanów z dostawą
Budowlana,Premium ($$$),29 km,2026-02-11,Kompleksowe wykończenie łazienki
Motoryzacyjna,Budget ($),10 km,2026-01-13,Wymiana akumulatora z dojazdem
Sprzątająca,Budget ($),3 km,2026-02-28,Odkurzanie i mycie podłóg
Sprzątająca,Standard ($$),23 km,2026-01-24,Sprzątanie po imprezie okolicznościowej
Motoryzacyjna,Budget ($),4 km,2026-02-13,Wymiana akumulatora z dojazdem
Sprzątająca,Budget ($),2 km,2026-02-13,Odkurzanie i mycie podłóg
Ogrody i Tereny Zielone,Budget ($),13 km,2026-01-23,Wywiezienie odpadów zielonych
Elektryczna,Standard ($$),29 km,2026-01-13,Montaż domofonu w domu jednorodzinnym
Hydrauliczna,Budget ($),11 km,2026-03-11,Podłączenie pralki
Florystyczna,Premium ($$$),28 km,2026-02-23,Dekoracja kwiatowa sali bankietowej
IT i Grafika,Premium ($$$),30 km,2026-03-08,Stworzenie aplikacji mobilnej MVP
IT i Grafika,Premium ($$$),8 km,2026-02-09,Zaprojektowanie logo i identyfikacji
Ogrody i Tereny Zielone,Premium ($$$),28 km,2026-01-30,Budowa tarasu drewnianego
Transport i Przeprowadzki,Standard ($$),24 km,2026-01-24,Transport kanapy z wniesieniem
Motoryzacyjna,Standard ($$),26 km,2026-01-31,Wymiana olejów i filtrów
Motoryzacyjna,Standard ($$),29 km,2026-01-28,Wymiana rozrządu w silniku Diesla
Motoryzacyjna,Premium ($$$),15 km,2026-01-11,Diagnostyka komputerowa i naprawa wtrysków
Ogrody i Tereny Zielone,Standard ($$),8 km,2026-02-09,Opryski przeciw szkodnikom
Sprzątająca,Budget ($),9 km,2026-01-20,Mycie witryny sklepowej (mała)
Hydrauliczna,Budget ($),20 km,2026-03-09,Naprawa cieknącego grzejnika
Sprzątająca,Budget ($),9 km,2026-03-05,Mycie witryny sklepowej (mała)
Florystyczna,Standard ($$),27 km,2026-01-21,Pielęgnacja roślin w biurze
Florystyczna,Premium ($$$),5 km,2026-02-27,Dekoracja kościoła na ślub
Ogrody i Tereny Zielone,Standard ($$),12 km,2026-02-11,Nasadzenia drzewek owocowych
Florystyczna,Standard ($$),29 km,2026-02-08,Pielęgnacja roślin w biurze
Transport i Przeprowadzki,Budget ($),18 km,2026-01-14,Przewóz szafy (sam kierowca)
Sprzątająca,Standard ($$),1 km,2026-01-31,Sprzątanie po imprezie okolicznościowej
Sprzątająca,Standard ($$),27 km,2026-03-05,Pranie dywanów metodą ekstrakcyjną
Sprzątająca,Premium ($$$),21 km,2026-01-21,Gruntowne sprzątanie po remoncie
Florystyczna,Standard ($$),14 km,2026-02-19,Kompozycja kwiatowa na recepcję
Transport i Przeprowadzki,Premium ($$$),19 km,2026-02-05,Relokacja biura (10 stanowisk)
IT i Grafika,Standard ($$),13 km,2026-01-29,Strona wizytówka na WordPress
Hydrauliczna,Premium ($$$),27 km,2026-01-26,Montaż kabiny prysznicowej
Sprzątająca,Budget ($),14 km,2026-01-18,Mycie witryny sklepowej (mała)
Sprzątająca,Standard ($$),4 km,2026-01-10,Regularne sprzątanie biura
Sprzątająca,Standard ($$),3 km,2026-02-15,Pranie tapicerki meblowej
Elektryczna,Budget ($),17 km,2026-01-23,Naprawa zerwanego kabla zasilającego
Hydrauliczna,Premium ($$$),24 km,2026-01-18,Montaż kabiny prysznicowej
Budowlana,Standard ($$),1 km,2026-02-16,Układanie paneli podłogowych
Hydrauliczna,Budget ($),4 km,2026-01-11,Wymiana uszczelki w kranie kuchennym
Motoryzacyjna,Premium ($$$),9 km,2026-01-13,Przygotowanie auta do sprzedaży (komplet)
Ogrody i Tereny Zielone,Premium ($$$),13 km,2026-02-11,Wycinka starego drzewa (metoda alpinistyczna)
Hydrauliczna,Budget ($),2 km,2026-01-16,Podłączenie pralki
Transport i Przeprowadzki,Budget ($),15 km,2026-03-06,Dostarczenie palety towaru
Florystyczna,Premium ($$$),16 km,2026-03-01,Dekoracja kwiatowa sali bankietowej
Ogrody i Tereny Zielone,Standard ($$),20 km,2026-01-18,Opryski przeciw szkodnikom
Sprzątająca,Standard ($$),10 km,2026-02-03,Mycie okien w całym domu
Hydrauliczna,Standard ($$),30 km,2026-01-25,Naprawa spłuczki podtynkowej
Transport i Przeprowadzki,Standard ($$),16 km,2026-03-07,Transport materiałów budowlanych
Motoryzacyjna,Budget ($),19 km,2026-02-25,Wymiana akumulatora z dojazdem
Motoryzacyjna,Budget ($),30 km,2026-01-22,Sezonowa wymiana opon
Florystyczna,Standard ($$),17 km,2026-01-28,Flowerbox na urodziny
IT i Grafika,Standard ($$),14 km,2026-02-15,Konfiguracja sieci Wi-Fi w biurze
Hydrauliczna,Premium ($$$),2 km,2026-01-18,Instalacja ogrzewania podłogowego
Transport i Przeprowadzki,Standard ($$),26 km,2026-01-21,Przewóz motocykla na lawecie
Motoryzacyjna,Premium ($$$),25 km,2026-02-24,Kompleksowy detailing wnętrza
Elektryczna,Premium ($$$),21 km,2026-02-03,Wymiana skrzynki bezpiecznikowej
Transport i Przeprowadzki,Budget ($),13 km,2026-02-16,Wniesienie lodówki na 4 piętro
Budowlana,Standard ($$),25 km,2026-02-19,Tynkowanie dekoracyjne jednej ściany
Motoryzacyjna,Standard ($$),6 km,2026-02-02,Ustawienie zbieżności kół
Florystyczna,Premium ($$$),5 km,2026-02-11,Dekoracja kościoła na ślub
Budowlana,Standard ($$),17 km,2026-02-01,Skuwanie starych płytek
Ogrody i Tereny Zielone,Premium ($$$),18 km,2026-03-08,Montaż systemu nawadniania
Budowlana,Standard ($$),20 km,2026-02-06,Tynkowanie dekoracyjne jednej ściany
Dentystyczna,Premium ($$$),8 km,2026-01-16,Wybielanie zębów
Transport i Przeprowadzki,Premium ($$$),17 km,2026-02-05,Relokacja biura (10 stanowisk)
Elektryczna,Standard ($$),22 km,2026-02-03,Naprawa oświetlenia LED
Sprzątająca,Standard ($$),23 km,2026-01-19,Mycie okien w całym domu
Florystyczna,Premium ($$$),3 km,2026-02-11,Dekoracja kwiatowa sali bankietowej
Sprzątająca,Standard ($$),5 km,2026-03-04,Mycie okien w całym domu
Sprzątająca,Standard ($$),19 km,2026-02-26,Sprzątanie po imprezie okolicznościowej
Dentystyczna,Premium ($$$),16 km,2026-01-20,Wybielanie zębów
Sprzątająca,Budget ($),18 km,2026-01-12,Mycie witryny sklepowej (mała)
Florystyczna,Premium ($$$),9 km,2026-02-24,Przygotowanie bukietu ślubnego
Dentystyczna,Premium ($$$),3 km,2026-03-03,Ekstrakcja zęba mądrości
Budowlana,Premium ($$$),21 km,2026-01-12,Kompleksowe wykończenie łazienki
Sprzątająca,Standard ($$),22 km,2026-02-19,Pranie dywanów metodą ekstrakcyjną
Sprzątająca,Standard ($$),26 km,2026-03-05,Mycie okien w całym domu
Motoryzacyjna,Standard ($$),8 km,2026-01-17,Wymiana rozrządu w silniku Diesla
Dentystyczna,Standard ($$),8 km,2026-02-18,Przegląd stomatologiczny i czyszczenie
Elektryczna,Standard ($$),12 km,2026-02-28,Podłączenie płyty indukcyjnej
Florystyczna,Standard ($$),27 km,2026-03-06,Pielęgnacja roślin w biurze
Transport i Przeprowadzki,Standard ($$),15 km,2026-02-06,Wywóz starych mebli
Transport i Przeprowadzki,Budget ($),20 km,2026-02-03,Przewóz szafy (sam kierowca)
Sprzątająca,Premium ($$$),23 km,2026-02-06,Doczyszczanie posadzek przemysłowych
Ogrody i Tereny Zielone,Premium ($$$),13 km,2026-02-02,Montaż systemu nawadniania
IT i Grafika,Premium ($$$),24 km,2026-01-11,Stworzenie aplikacji mobilnej MVP
Hydrauliczna,Premium ($$$),6 km,2026-01-15,Montaż kabiny prysznicowej
Motoryzacyjna,Premium ($$$),20 km,2026-03-02,Przygotowanie auta do sprzedaży (komplet)
Florystyczna,Standard ($$),18 km,2026-02-03,Warsztaty z układania lasu w słoiku
Elektryczna,Premium ($$$),4 km,2026-03-09,Wymiana skrzynki bezpiecznikowej
Transport i Przeprowadzki,Premium ($$$),2 km,2026-02-12,Relokacja biura (10 stanowisk)
IT i Grafika,Premium ($$$),16 km,2026-02-20,Zaprojektowanie logo i identyfikacji
Sprzątająca,Premium ($$$),18 km,2026-01-25,Doczyszczanie posadzek przemysłowych
Budowlana,Premium ($$$),17 km,2026-03-01,Budowa ścianki działowej z płyt G-K
Hydrauliczna,Budget ($),13 km,2026-01-19,Podłączenie pralki
Transport i Przeprowadzki,Standard ($$),30 km,2026-03-04,Transport kanapy z wniesieniem
Elektryczna,Premium ($$$),8 km,2026-02-24,Pomiary elektryczne instalacji
Dentystyczna,Standard ($$),5 km,2026-01-10,Przegląd stomatologiczny i czyszczenie
Budowlana,Standard ($$),22 km,2026-02-18,Układanie paneli podłogowych
IT i Grafika,Standard ($$),21 km,2026-01-30,Konfiguracja sieci Wi-Fi w biurze
Budowlana,Budget ($),27 km,2026-02-28,Wiercenie otworów w betonie pod półki
Dentystyczna,Premium ($$$),24 km,2026-01-24,Wybielanie zębów
IT i Grafika,Premium ($$$),13 km,2026-02-02,Pozycjonowanie strony lokalnej (SEO)
IT i Grafika,Budget ($),2 km,2026-01-16,Edycja 20 zdjęć produktowych
Motoryzacyjna,Budget ($),9 km,2026-02-20,Polerowanie zmatowiałych reflektorów
Ogrody i Tereny Zielone,Premium ($$$),24 km,2026-01-20,Budowa tarasu drewnianego
Florystyczna,Budget ($),6 km,2026-02-16,Bukiet tulipanów z dostawą
Budowlana,Premium ($$$),16 km,2026-01-26,Budowa ścianki działowej z płyt G-K
IT i Grafika,Premium ($$$),8 km,2026-03-08,Pozycjonowanie strony lokalnej (SEO)
Motoryzacyjna,Budget ($),8 km,2026-03-01,Sezonowa wymiana opon
Sprzątająca,Standard ($$),9 km,2026-02-26,Sprzątanie po imprezie okolicznościowej
Florystyczna,Standard ($$),5 km,2026-02-07,Pielęgnacja roślin w biurze
Sprzątająca,Standard ($$),11 km,2026-03-01,Regularne sprzątanie biura
Transport i Przeprowadzki,Budget ($),5 km,2026-01-14,Przewóz szafy (sam kierowca)
IT i Grafika,Premium ($$$),18 km,2026-01-28,Zaprojektowanie logo i identyfikacji
Transport i Przeprowadzki,Premium ($$$),28 km,2026-02-21,Przeprowadzka całego mieszkania
Elektryczna,Premium ($$$),19 km,2026-01-29,Instalacja inteligentnego domu (Smart Home)
IT i Grafika,Budget ($),10 km,2026-01-16,Edycja 20 zdjęć produktowych
Motoryzacyjna,Standard ($$),12 km,2026-01-11,Wymiana rozrządu w silniku Diesla
Transport i Przeprowadzki,Budget ($),13 km,2026-01-28,Dostarczenie palety towaru
IT i Grafika,Standard ($$),23 km,2026-01-11,Złożenie prostego filmu promocyjnego
Dentystyczna,Premium ($$$),25 km,2026-01-13,Wstawienie implantu zębowego
Dentystyczna,Standard ($$),7 km,2026-03-11,Proteza częściowa osiadająca
Ogrody i Tereny Zielone,Budget ($),25 km,2026-02-25,Pielenie rabatek kwiatowych
Ogrody i Tereny Zielone,Premium ($$$),27 km,2026-02-04,Budowa tarasu drewnianego
Motoryzacyjna,Premium ($$$),10 km,2026-03-04,Kompleksowy detailing wnętrza
Transport i Przeprowadzki,Standard ($$),26 km,2026-02-25,Transport kanapy z wniesieniem
Hydrauliczna,Budget ($),8 km,2026-02-09,Wymiana uszczelki w kranie kuchennym
Ogrody i Tereny Zielone,Budget ($),7 km,2026-03-11,Wywiezienie odpadów zielonych
Transport i Przeprowadzki,Premium ($$$),1 km,2026-01-16,Przeprowadzka całego mieszkania
Florystyczna,Standard ($$),2 km,2026-02-05,Kompozycja kwiatowa na recepcję
Ogrody i Tereny Zielone,Premium ($$$),21 km,2026-02-15,Budowa tarasu drewnianego
Elektryczna,Standard ($$),16 km,2026-03-10,Podłączenie piekarnika elektrycznego
Ogrody i Tereny Zielone,Premium ($$$),18 km,2026-02-03,Budowa tarasu drewnianego
Sprzątająca,Standard ($$),12 km,2026-02-03,Pranie tapicerki meblowej
Ogrody i Tereny Zielone,Premium ($$$),3 km,2026-02-08,Montaż systemu nawadniania
Motoryzacyjna,Standard ($$),28 km,2026-02-22,Naprawa układu hamulcowego
Hydrauliczna,Premium ($$$),23 km,2026-02-16,Instalacja ogrzewania podłogowego
Dentystyczna,Premium ($$$),13 km,2026-01-24,Ekstrakcja zęba mądrości
Budowlana,Standard ($$),28 km,2026-02-10,Malowanie salonu 30m2
Transport i Przeprowadzki,Standard ($$),26 km,2026-02-02,Przewóz motocykla na lawecie
Florystyczna,Premium ($$$),18 km,2026-01-29,Dekoracja kościoła na ślub
Sprzątająca,Standard ($$),10 km,2026-01-14,Pranie tapicerki meblowej
Elektryczna,Standard ($$),1 km,2026-03-11,Podłączenie piekarnika elektrycznego
Dentystyczna,Premium ($$$),8 km,2026-02-21,Wstawienie implantu zębowego
Motoryzacyjna,Budget ($),11 km,2026-01-26,Polerowanie zmatowiałych reflektorów
Hydrauliczna,Premium ($$$),26 km,2026-02-18,Instalacja ogrzewania podłogowego
Transport i Przeprowadzki,Premium ($$$),28 km,2026-02-01,Relokacja biura (10 stanowisk)
IT i Grafika,Premium ($$$),13 km,2026-02-24,Stworzenie aplikacji mobilnej MVP
Motoryzacyjna,Budget ($),14 km,2026-02-18,Sezonowa wymiana opon
Hydrauliczna,Budget ($),15 km,2026-02-22,Naprawa cieknącego grzejnika
Transport i Przeprowadzki,Budget ($),17 km,2026-02-22,Dostarczenie palety towaru
Florystyczna,Budget ($),15 km,2026-02-04,Wiązanka okolicznościowa
Motoryzacyjna,Budget ($),25 km,2026-03-02,Polerowanie zmatowiałych reflektorów
Motoryzacyjna,Standard ($$),13 km,2026-01-12,Wymiana rozrządu w silniku Diesla
Dentystyczna,Premium ($$$),24 km,2026-01-17,Licówki porcelanowe (2 sztuki)
Transport i Przeprowadzki,Budget ($),28 km,2026-02-24,Wniesienie lodówki na 4 piętro
Florystyczna,Premium ($$$),25 km,2026-02-14,Oprawa kwiatowa pogrzebu
Elektryczna,Budget ($),26 km,2026-02-04,Montaż gniazdek i włączników
Hydrauliczna,Premium ($$$),23 km,2026-02-25,Montaż kabiny prysznicowej
Ogrody i Tereny Zielone,Budget ($),21 km,2026-02-25,Pielenie rabatek kwiatowych
Hydrauliczna,Budget ($),1 km,2026-02-06,Wymiana uszczelki w kranie kuchennym
Elektryczna,Premium ($$$),14 km,2026-02-26,Wymiana skrzynki bezpiecznikowej
Transport i Przeprowadzki,Premium ($$$),26 km,2026-02-06,Relokacja biura (10 stanowisk)
Dentystyczna,Standard ($$),4 km,2026-01-18,Konsultacja ortodontyczna
IT i Grafika,Standard ($$),22 km,2026-01-10,Złożenie prostego filmu promocyjnego
Dentystyczna,Standard ($$),4 km,2026-01-10,Konsultacja ortodontyczna
Sprzątająca,Standard ($$),8 km,2026-02-26,Sprzątanie po imprezie okolicznościowej
Sprzątająca,Premium ($$$),8 km,2026-02-03,Gruntowne sprzątanie po remoncie
Transport i Przeprowadzki,Standard ($$),21 km,2026-01-11,Przewóz motocykla na lawecie
Elektryczna,Standard ($$),20 km,2026-03-07,Podłączenie piekarnika elektrycznego
Sprzątająca,Budget ($),8 km,2026-01-10,Odkurzanie i mycie podłóg
Florystyczna,Standard ($$),17 km,2026-02-01,Pielęgnacja roślin w biurze
IT i Grafika,Premium ($$$),13 km,2026-02-25,Naprawa błędu w sklepie online
Sprzątająca,Premium ($$$),2 km,2026-01-11,Gruntowne sprzątanie po remoncie
Sprzątająca,Standard ($$),23 km,2026-02-26,Mycie okien w całym domu
Sprzątająca,Standard ($$),29 km,2026-02-21,Pranie dywanów metodą ekstrakcyjną
Ogrody i Tereny Zielone,Standard ($$),10 km,2026-01-29,Nasadzenia drzewek owocowych
Budowlana,Standard ($$),11 km,2026-02-10,Układanie paneli podłogowych
Dentystyczna,Premium ($$$),5 km,2026-01-27,Wybielanie zębów
Hydrauliczna,Standard ($$),5 km,2026-02-15,Wymiana licznika wody
Ogrody i Tereny Zielone,Premium ($$$),30 km,2026-01-29,Wycinka starego drzewa (metoda alpinistyczna)
Florystyczna,Premium ($$$),7 km,2026-01-31,Dekoracja kościoła na ślub
IT i Grafika,Premium ($$$),3 km,2026-02-20,Pozycjonowanie strony lokalnej (SEO)
Florystyczna,Budget ($),18 km,2026-03-04,Bukiet tulipanów z dostawą
IT i Grafika,Premium ($$$),30 km,2026-03-03,Pozycjonowanie strony lokalnej (SEO)
Budowlana,Premium ($$$),30 km,2026-01-26,Kompleksowe wykończenie łazienki
Dentystyczna,Premium ($$$),11 km,2026-02-01,Licówki porcelanowe (2 sztuki)
IT i Grafika,Premium ($$$),2 km,2026-01-29,Naprawa błędu w sklepie online
Hydrauliczna,Premium ($$$),17 km,2026-01-15,Montaż kabiny prysznicowej
Elektryczna,Budget ($),20 km,2026-02-13,Wymiana żarówek w witrynie sklepowej
Dentystyczna,Premium ($$$),21 km,2026-02-27,Ekstrakcja zęba mądrości
Budowlana,Standard ($$),4 km,2026-03-10,Izolacja akustyczna sufitu
Transport i Przeprowadzki,Standard ($$),20 km,2026-01-30,Przewóz motocykla na lawecie
Transport i Przeprowadzki,Budget ($),5 km,2026-02-10,Dostarczenie palety towaru
Florystyczna,Budget ($),1 km,2026-01-16,Bukiet tulipanów z dostawą
Dentystyczna,Premium ($$$),24 km,2026-03-03,Wybielanie zębów
Budowlana,Standard ($$),7 km,2026-03-02,Skuwanie starych płytek
Motoryzacyjna,Standard ($$),29 km,2026-01-29,Naprawa układu hamulcowego
Sprzątająca,Standard ($$),26 km,2026-02-10,Pranie dywanów metodą ekstrakcyjną
Elektryczna,Standard ($$),3 km,2026-01-29,Podłączenie płyty indukcyjnej
Ogrody i Tereny Zielone,Budget ($),24 km,2026-02-13,Grabienie liści
Elektryczna,Standard ($$),8 km,2026-02-20,Podłączenie płyty indukcyjnej
Dentystyczna,Premium ($$$),10 km,2026-01-18,Wybielanie zębów
Transport i Przeprowadzki,Budget ($),29 km,2026-01-21,Wniesienie lodówki na 4 piętro
Motoryzacyjna,Premium ($$$),13 km,2026-02-02,Kompleksowy detailing wnętrza
Transport i Przeprowadzki,Budget ($),6 km,2026-02-17,Wniesienie lodówki na 4 piętro
Dentystyczna,Budget ($),5 km,2026-01-19,Leczenie kanałowe jednego kanału
Ogrody i Tereny Zielone,Standard ($$),23 km,2026-01-23,Opryski przeciw szkodnikom
Ogrody i Tereny Zielone,Budget ($),27 km,2026-02-11,Pielenie rabatek kwiatowych
Dentystyczna,Premium ($$$),28 km,2026-03-01,Ekstrakcja zęba mądrości
Ogrody i Tereny Zielone,Budget ($),4 km,2026-03-10,Grabienie liści
Budowlana,Budget ($),16 km,2026-01-25,Szpachlowanie ubytków w ścianie
Transport i Przeprowadzki,Standard ($$),25 km,2026-01-12,Transport kanapy z wniesieniem
Ogrody i Tereny Zielone,Premium ($$$),21 km,2026-02-03,Montaż systemu nawadniania
Motoryzacyjna,Premium ($$$),27 km,2026-01-16,Diagnostyka komputerowa i naprawa wtrysków
Ogrody i Tereny Zielone,Budget ($),18 km,2026-01-26,Pielenie rabatek kwiatowych
Dentystyczna,Standard ($$),18 km,2026-02-22,Wypełnienie światłoutwardzalne
Motoryzacyjna,Standard ($$),29 km,2026-01-22,Naprawa układu hamulcowego
Sprzątająca,Standard ($$),28 km,2026-02-24,Sprzątanie po imprezie okolicznościowej
Transport i Przeprowadzki,Standard ($$),2 km,2026-01-21,Wywóz starych mebli
Hydrauliczna,Premium ($$$),17 km,2026-02-01,Instalacja ogrzewania podłogowego
Budowlana,Budget ($),7 km,2026-02-06,Szpachlowanie ubytków w ścianie
Florystyczna,Standard ($$),6 km,2026-01-25,Kompozycja kwiatowa na recepcję
Elektryczna,Premium ($$$),24 km,2026-02-13,Wymiana skrzynki bezpiecznikowej
Elektryczna,Standard ($$),5 km,2026-02-21,Podłączenie piekarnika elektrycznego
Motoryzacyjna,Budget ($),14 km,2026-01-23,Sezonowa wymiana opon
Hydrauliczna,Budget ($),14 km,2026-02-19,Naprawa cieknącego grzejnika
Elektryczna,Standard ($$),13 km,2026-03-09,Podłączenie piekarnika elektrycznego
Florystyczna,Standard ($$),13 km,2026-02-18,Kompozycja kwiatowa na recepcję
Budowlana,Standard ($$),20 km,2026-02-20,Malowanie salonu 30m2
Motoryzacyjna,Budget ($),6 km,2026-02-05,Sezonowa wymiana opon
Elektryczna,Premium ($$$),12 km,2026-03-07,Instalacja inteligentnego domu (Smart Home)
Florystyczna,Standard ($$),26 km,2026-02-05,Kompozycja kwiatowa na recepcję
Motoryzacyjna,Standard ($$),22 km,2026-02-20,Naprawa układu hamulcowego
Ogrody i Tereny Zielone,Premium ($$$),5 km,2026-01-25,Wycinka starego drzewa (metoda alpinistyczna)
Motoryzacyjna,Budget ($),21 km,2026-02-08,Sezonowa wymiana opon
Budowlana,Standard ($$),2 km,2026-02-07,Izolacja akustyczna sufitu
Sprzątająca,Premium ($$$),13 km,2026-02-10,Gruntowne sprzątanie po remoncie
Dentystyczna,Standard ($$),5 km,2026-01-25,Wypełnienie światłoutwardzalne
Sprzątająca,Standard ($$),9 km,2026-02-03,Regularne sprzątanie biura
Sprzątająca,Premium ($$$),30 km,2026-01-21,Gruntowne sprzątanie po remoncie
Ogrody i Tereny Zielone,Standard ($$),18 km,2026-02-02,Koszenie i aeracja trawnika
Ogrody i Tereny Zielone,Standard ($$),19 km,2026-02-20,Nasadzenia drzewek owocowych
Ogrody i Tereny Zielone,Standard ($$),5 km,2026-02-06,Koszenie i aeracja trawnika
Hydrauliczna,Standard ($$),5 km,2026-02-28,Wymiana syfonu w zlewie
Elektryczna,Standard ($$),6 km,2026-02-22,Naprawa oświetlenia LED
Budowlana,Premium ($$$),16 km,2026-02-15,Kompleksowe wykończenie łazienki
Transport i Przeprowadzki,Budget ($),24 km,2026-02-18,Wniesienie lodówki na 4 piętro
Sprzątająca,Premium ($$$),30 km,2026-02-22,Doczyszczanie posadzek przemysłowych
Hydrauliczna,Budget ($),7 km,2026-03-07,Wymiana uszczelki w kranie kuchennym
Budowlana,Budget ($),18 km,2026-02-23,Szpachlowanie ubytków w ścianie
IT i Grafika,Premium ($$$),27 km,2026-02-09,Stworzenie aplikacji mobilnej MVP
IT i Grafika,Budget ($),8 km,2026-03-08,Instalacja systemu Windows i sterowników
Ogrody i Tereny Zielone,Premium ($$$),9 km,2026-02-16,Montaż systemu nawadniania
IT i Grafika,Premium ($$$),11 km,2026-01-26,Zaprojektowanie logo i identyfikacji
Sprzątająca,Standard ($$),16 km,2026-01-19,Mycie okien w całym domu
Hydrauliczna,Standard ($$),12 km,2026-02-17,Naprawa spłuczki podtynkowej
Sprzątająca,Standard ($$),14 km,2026-02-12,Mycie okien w całym domu
Ogrody i Tereny Zielone,Budget ($),28 km,2026-01-22,Grabienie liści
Florystyczna,Premium ($$$),29 km,2026-01-21,Przygotowanie bukietu ślubnego
Ogrody i Tereny Zielone,Standard ($$),5 km,2026-01-10,Nasadzenia drzewek owocowych
Transport i Przeprowadzki,Premium ($$$),29 km,2026-03-08,Relokacja biura (10 stanowisk)
Hydrauliczna,Standard ($$),18 km,2026-01-20,Wymiana licznika wody
Motoryzacyjna,Budget ($),23 km,2026-02-05,Polerowanie zmatowiałych reflektorów
Florystyczna,Standard ($$),19 km,2026-03-09,Flowerbox na urodziny
Sprzątająca,Standard ($$),10 km,2026-03-06,Regularne sprzątanie biura
IT i Grafika,Premium ($$$),22 km,2026-01-28,Zaprojektowanie logo i identyfikacji
IT i Grafika,Standard ($$),24 km,2026-02-28,Konfiguracja sieci Wi-Fi w biurze
Transport i Przeprowadzki,Budget ($),1 km,2026-02-04,Dostarczenie palety towaru
Budowlana,Standard ($$),21 km,2026-02-13,Malowanie salonu 30m2
Sprzątająca,Premium ($$$),28 km,2026-02-03,Doczyszczanie posadzek przemysłowych
Dentystyczna,Premium ($$$),4 km,2026-02-18,Wybielanie zębów
Ogrody i Tereny Zielone,Standard ($$),21 km,2026-01-26,Nasadzenia drzewek owocowych
Dentystyczna,Standard ($$),6 km,2026-01-13,Konsultacja ortodontyczna
Sprzątająca,Budget ($),9 km,2026-03-11,Mycie witryny sklepowej (mała)
IT i Grafika,Budget ($),13 km,2026-01-22,Usunięcie wirusów z laptopa
Transport i Przeprowadzki,Standard ($$),14 km,2026-01-27,Transport materiałów budowlanych
Motoryzacyjna,Premium ($$$),26 km,2026-03-11,Diagnostyka komputerowa i naprawa wtrysków
Hydrauliczna,Standard ($$),21 km,2026-02-24,Naprawa spłuczki podtynkowej
Florystyczna,Standard ($$),13 km,2026-01-31,Flowerbox na urodziny
Sprzątająca,Standard ($$),19 km,2026-01-29,Pranie dywanów metodą ekstrakcyjną
Budowlana,Standard ($$),3 km,2026-02-17,Układanie paneli podłogowych
IT i Grafika,Budget ($),7 km,2026-02-01,Edycja 20 zdjęć produktowych
Ogrody i Tereny Zielone,Standard ($$),17 km,2026-01-25,Nasadzenia drzewek owocowych
Motoryzacyjna,Premium ($$$),20 km,2026-01-12,Przygotowanie auta do sprzedaży (komplet)
Budowlana,Budget ($),14 km,2026-02-19,Szpachlowanie ubytków w ścianie
Dentystyczna,Standard ($$),6 km,2026-01-15,Proteza częściowa osiadająca
Motoryzacyjna,Standard ($$),5 km,2026-01-31,Naprawa układu hamulcowego
Elektryczna,Budget ($),8 km,2026-01-26,Naprawa zerwanego kabla zasilającego
Budowlana,Standard ($$),4 km,2026-01-11,Malowanie salonu 30m2
Hydrauliczna,Premium ($$$),20 km,2026-02-03,Montaż instalacji wodnej w nowej kuchni
Ogrody i Tereny Zielone,Standard ($$),8 km,2026-02-23,Nasadzenia drzewek owocowych
Elektryczna,Standard ($$),24 km,2026-03-07,Podłączenie piekarnika elektrycznego
Sprzątająca,Premium ($$$),6 km,2026-02-26,Czyszczenie elewacji domu
Hydrauliczna,Standard ($$),25 km,2026-02-10,Wymiana syfonu w zlewie
Elektryczna,Premium ($$$),28 km,2026-02-02,Wymiana skrzynki bezpiecznikowej
Dentystyczna,Premium ($$$),27 km,2026-03-05,Licówki porcelanowe (2 sztuki)
Elektryczna,Budget ($),30 km,2026-01-23,Montaż gniazdek i włączników
Ogrody i Tereny Zielone,Budget ($),25 km,2026-01-10,Grabienie liści
Hydrauliczna,Premium ($$$),17 km,2026-02-27,Montaż instalacji wodnej w nowej kuchni
Dentystyczna,Premium ($$$),27 km,2026-01-25,Ekstrakcja zęba mądrości
Motoryzacyjna,Standard ($$),21 km,2026-03-03,Ustawienie zbieżności kół
Dentystyczna,Budget ($),2 km,2026-02-11,Leczenie kanałowe jednego kanału
Hydrauliczna,Standard ($$),21 km,2026-02-19,Naprawa spłuczki podtynkowej
Florystyczna,Premium ($$$),1 km,2026-02-23,Dekoracja kościoła na ślub
IT i Grafika,Premium ($$$),8 km,2026-02-14,Stworzenie aplikacji mobilnej MVP
Dentystyczna,Standard ($$),21 km,2026-01-24,Przegląd stomatologiczny i czyszczenie
Ogrody i Tereny Zielone,Standard ($$),29 km,2026-01-26,Opryski przeciw szkodnikom
Hydrauliczna,Standard ($$),6 km,2026-01-21,Naprawa spłuczki podtynkowej
Dentystyczna,Standard ($$),20 km,2026-01-12,Proteza częściowa osiadająca
Florystyczna,Standard ($$),4 km,2026-01-28,Warsztaty z układania lasu w słoiku
Sprzątająca,Standard ($$),22 km,2026-01-14,Regularne sprzątanie biura
Ogrody i Tereny Zielone,Standard ($$),27 km,2026-02-01,Opryski przeciw szkodnikom
IT i Grafika,Premium ($$$),9 km,2026-01-23,Stworzenie aplikacji mobilnej MVP
Ogrody i Tereny Zielone,Standard ($$),3 km,2026-02-05,Opryski przeciw szkodnikom
Hydrauliczna,Budget ($),6 km,2026-03-09,Podłączenie pralki
Motoryzacyjna,Standard ($$),29 km,2026-02-12,Wymiana rozrządu w silniku Diesla
Hydrauliczna,Budget ($),4 km,2026-02-16,Wymiana uszczelki w kranie kuchennym
Dentystyczna,Standard ($$),25 km,2026-01-30,Proteza częściowa osiadająca
Elektryczna,Premium ($$$),5 km,2026-03-03,Pomiary elektryczne instalacji
Elektryczna,Standard ($$),20 km,2026-03-04,Podłączenie płyty indukcyjnej
